"MOVIE_ID","TITLE","RELEASE_DATE","RELEASE_YEAR","RELEASE_MONTH","RELEASE_QUARTER","STUDIO_NAME","PARENT_COMPANY","PRIMARY_GENRE","CONTENT_RATING","LEAD_ACTOR","LEAD_ACTRESS","DIRECTOR","RUNTIME_MINUTES","PRODUCTION_BUDGET","MARKETING_BUDGET","TOTAL_BUDGET","DOMESTIC_GROSS","INTERNATIONAL_GROSS","TOTAL_GROSS","OPENING_WEEKEND","THEATER_COUNT","WEEKS_IN_THEATER","CRITIC_SCORE","AUDIENCE_SCORE","SCORE_GAP","IS_SEQUEL","IS_FRANCHISE","IS_ORIGINAL_IP","NET_PROFIT","ROI_PERCENT","PERFORMANCE_TIER","DOMESTIC_MULTIPLIER","INTERNATIONAL_SHARE_PCT","BUDGET_TIER","SCORE_CATEGORY","TOTAL_AWARD_NOMINATIONS","TOTAL_AWARD_WINS"
"26","Kingsman: The Secret Service","2015-02-10","2015","2","1","20th Century Fox","The Walt Disney Company","Action","R","Taron Egerton","Sophie Cookson","Matthew Vaughn","129",81000000,46073419.38,127073419.38,128000000,286000000,414000000,24430611.94,"4131","16",74,83,9,false,false,true,286926580.62,225.8,"Blockbuster",5.24,69.08,"Mid","Mixed","0","0"
"28","Fifty Shades of Grey","2015-02-13","2015","2","1","Universal","NBCUniversal (Comcast)","Drama","R","Jamie Dornan","Dakota Johnson","Sam Taylor-Johnson","125",40000000,25422123.79,65422123.79,166000000,403000000,569000000,27232254.42,"2314","23",25,41,16,false,false,true,503577876.21,769.74,"Blockbuster",6.1,70.83,"Mid","Rotten","0","0"
"15","Cinderella","2015-03-15","2015","3","1","Disney","The Walt Disney Company","Fantasy","PG","Richard Madden","Lily James","Kenneth Branagh","105",95000000,50443298,145443298,201000000,342000000,543000000,46189883.69,"3166","20",84,79,-5,false,false,true,397556702,273.34,"Blockbuster",4.35,62.98,"Mid","Fresh","1","0"
"4","Furious 7","2015-04-15","2015","4","2","Universal","NBCUniversal (Comcast)","Action","PG-13","Vin Diesel","Michelle Rodriguez","James Wan","137",190000000,119547877.6,309547877.6,353000000,1163000000,1516000000,160588001.13,"4173","22",82,82,0,true,true,false,1206452122.4,389.75,"Blockbuster",2.2,76.72,"High","Fresh","0","0"
"22","Ex Machina","2015-04-21","2015","4","2","A24",,"Sci-Fi","R","Domhnall Gleeson","Alicia Vikander","Alex Garland","108",15000000,8472642.04,23472642.04,25000000,12000000,37000000,6597819.11,"1185","3",92,86,-6,false,false,true,13527357.96,57.63,"Profitable",3.79,32.43,"Low","Fresh","9","3"
"29","Tomorrowland","2015-05-06","2015","5","2","Disney","The Walt Disney Company","Sci-Fi","PG","George Clooney","Britt Robertson","Brad Bird","130",190000000,129634811.21,319634811.21,93000000,116000000,209000000,27394231.61,"3805","13",50,51,1,false,true,false,-110634811.21,-34.61,"Underperformer",3.39,55.5,"High","Mixed","0","0"
"12","Mad Max: Fury Road","2015-05-10","2015","5","2","Warner Bros.","Warner Bros. Discovery","Action","R","Tom Hardy","Charlize Theron","George Miller","120",150000000,98076519.87,248076519.87,154000000,226000000,380000000,48046721.73,"3064","13",97,86,-11,true,true,false,131923480.13,53.18,"Profitable",3.21,59.47,"High","Fresh","14","3"
"31","San Andreas","2015-05-12","2015","5","2","Warner Bros.","Warner Bros. Discovery","Action","PG-13","Dwayne Johnson","Alexandra Daddario","Brad Peyton","114",110000000,72970043.7,182970043.7,155000000,319000000,474000000,28733771.03,"3382","19",49,49,0,false,true,false,291029956.3,159.06,"Blockbuster",5.39,67.3,"High","Rotten","0","0"
"16","Pitch Perfect 2","2015-05-18","2015","5","2","Universal","NBCUniversal (Comcast)","Comedy","PG-13","Adam DeVine","Anna Kendrick","Elizabeth Banks","115",29000000,21065469.97,50065469.97,184000000,103000000,287000000,63149200.5,"2389","18",66,65,-1,true,true,false,236934530.03,473.25,"Blockbuster",2.91,35.89,"Low","Mixed","0","0"
"3","Avengers: Age of Ultron","2015-05-25","2015","5","2","Disney","The Walt Disney Company","Action","PG-13","Robert Downey Jr.","Scarlett Johansson","Joss Whedon","141",250000000,180398110.28,430398110.28,459000000,944000000,1403000000,192905865.86,"3878","16",76,83,7,true,true,false,972601889.72,225.98,"Blockbuster",2.38,67.28,"Mega","Fresh","1","0"
"2","Jurassic World","2015-06-03","2015","6","2","Universal","NBCUniversal (Comcast)","Action","PG-13","Chris Pratt","Bryce Dallas Howard","Colin Trevorrow","124",150000000,79716601.01,229716601.01,652000000,1019000000,1671000000,161612953.72,"3168","26",71,78,7,true,true,false,1441283398.99,627.42,"Blockbuster",4.03,60.98,"High","Mixed","0","0"
"5","Inside Out","2015-06-10","2015","6","2","Disney","The Walt Disney Company","Animation","PG","Bill Hader","Amy Poehler","Pete Docter","95",175000000,105007765.35,280007765.35,356000000,501000000,857000000,141248560.04,"4294","24",98,89,-9,false,true,false,576992234.65,206.06,"Blockbuster",2.52,58.46,"High","Fresh","15","2"
"17","Spy","2015-06-11","2015","6","2","20th Century Fox","The Walt Disney Company","Action","R","Jason Statham","Melissa McCarthy","Paul Feig","120",65000000,33113208.96,98113208.96,111000000,125000000,236000000,22999904.26,"3285","18",95,73,-22,false,false,true,137886791.04,140.54,"Blockbuster",4.83,52.97,"Mid","Fresh","13","1"
"6","Minions","2015-07-02","2015","7","3","Universal","NBCUniversal (Comcast)","Animation","PG","Jon Hamm","Sandra Bullock","Kyle Balda","91",74000000,55060757.39,129060757.39,336000000,823000000,1159000000,77271979.44,"2020","19",55,57,2,true,true,false,1029939242.61,798.03,"Blockbuster",4.35,71.01,"Mid","Mixed","3","1"
"13","Ant-Man","2015-07-06","2015","7","3","Disney","The Walt Disney Company","Action","PG-13","Paul Rudd","Evangeline Lilly","Peyton Reed","117",130000000,85427165.48,215427165.48,180000000,339000000,519000000,60429491.85,"3944","23",82,86,4,false,true,false,303572834.52,140.92,"Blockbuster",2.98,65.32,"High","Fresh","2","0"
"30","Trainwreck","2015-07-06","2015","7","3","Universal","NBCUniversal (Comcast)","Comedy","R","Bill Hader","Amy Schumer","Judd Apatow","125",35000000,19127606.7,54127606.7,110000000,31000000,141000000,15679020.48,"3166","10",85,64,-21,false,false,true,86872393.3,160.5,"Blockbuster",7.02,21.99,"Low","Fresh","0","0"
"36","Terminator Genisys","2015-07-19","2015","7","3","Paramount","Paramount Global","Action","PG-13","Arnold Schwarzenegger","Emilia Clarke","Alan Taylor","126",155000000,118152520.39,273152520.39,90000000,351000000,441000000,28306258.28,"4532","10",26,52,26,true,true,false,167847479.61,61.45,"Profitable",3.18,79.59,"High","Rotten","0","0"
"10","Mission: Impossible - Rogue Nation","2015-07-28","2015","7","3","Paramount","Paramount Global","Action","PG-13","Tom Cruise","Rebecca Ferguson","Christopher McQuarrie","131",150000000,78951534.61,228951534.61,195000000,487000000,682000000,73719580.58,"3220","19",93,86,-7,true,true,false,453048465.39,197.88,"Blockbuster",2.65,71.41,"High","Fresh","12","3"
"14","Straight Outta Compton","2015-08-09","2015","8","3","Universal","NBCUniversal (Comcast)","Drama","R","O'Shea Jackson Jr.","Nicole Ari Parker","F. Gary Gray","147",28000000,20758615.88,48758615.88,161000000,41000000,202000000,36289605.37,"2293","20",89,94,5,false,false,true,153241384.12,314.29,"Blockbuster",4.44,20.3,"Low","Fresh","0","0"
"38","Fantastic Four","2015-08-27","2015","8","3","20th Century Fox","The Walt Disney Company","Action","PG-13","Miles Teller","Kate Mara","Josh Trank","100",120000000,79254940.21,199254940.21,56000000,112000000,168000000,21771644.62,"4196","8",9,18,9,true,true,false,-31254940.21,-15.69,"Underperformer",2.57,66.67,"High","Rotten","0","0"
"34","The Intern","2015-09-07","2015","9","3","Warner Bros.","Warner Bros. Discovery","Comedy","PG-13","Robert De Niro","Anne Hathaway","Nancy Meyers","121",35000000,25733791.09,60733791.09,75000000,120000000,195000000,9072233.63,"3277","8",59,72,13,false,false,true,134266208.91,221.07,"Blockbuster",8.27,61.54,"Low","Mixed","0","0"
"23","Sicario","2015-09-07","2015","9","3","Lionsgate","Lionsgate Entertainment","Action","R","Benicio del Toro","Emily Blunt","Denis Villeneuve","121",30000000,16287266.56,46287266.56,47000000,38000000,85000000,9184797.64,"1059","14",92,84,-8,false,false,true,38712733.44,83.64,"Profitable",5.12,44.71,"Low","Fresh","13","3"
"27","Hotel Transylvania 2","2015-09-10","2015","9","3","Sony","Sony Pictures Entertainment","Animation","PG","Adam Sandler","Selena Gomez","Genndy Tartakovsky","89",80000000,55010360.32,135010360.32,170000000,304000000,474000000,68515299.08,"2689","11",55,60,5,true,true,false,338989639.68,251.08,"Blockbuster",2.48,64.14,"Mid","Mixed","3","1"
"39","Maze Runner: The Scorch Trials","2015-09-23","2015","9","3","20th Century Fox","The Walt Disney Company","Action","PG-13","Dylan O'Brien","Kaya Scodelario","Wes Ball","131",61000000,31154892.1,92154892.1,82000000,230000000,312000000,32177129.49,"2352","11",47,56,9,true,true,false,219845107.9,238.56,"Blockbuster",2.55,73.72,"Mid","Rotten","0","0"
"33","Goosebumps","2015-10-11","2015","10","4","Sony","Sony Pictures Entertainment","Comedy","PG","Jack Black","Odeya Rush","Rob Letterman","103",58000000,30685768.98,88685768.98,80000000,78000000,158000000,24824797.54,"2154","6",76,62,-14,false,false,true,69314231.02,78.16,"Profitable",3.22,49.37,"Mid","Fresh","0","0"
"18","Bridge of Spies","2015-10-13","2015","10","4","Disney","The Walt Disney Company","Drama","PG-13","Tom Hanks","Amy Ryan","Steven Spielberg","142",40000000,21442520.51,61442520.51,72000000,94000000,166000000,21472520.43,"2304","9",91,81,-10,false,false,true,104557479.49,170.17,"Blockbuster",3.35,56.63,"Mid","Fresh","0","0"
"21","Room","2015-10-21","2015","10","4","A24",,"Drama","R","Jacob Tremblay","Brie Larson","Lenny Abrahamson","118",6000000,3163971.1,9163971.1,15000000,21000000,36000000,3578739.16,"1211","10",93,89,-4,false,false,true,26836028.9,292.84,"Blockbuster",4.19,58.33,"Micro","Fresh","6","0"
"8","The Martian","2015-10-26","2015","10","4","20th Century Fox","The Walt Disney Company","Sci-Fi","PG-13","Matt Damon","Jessica Chastain","Ridley Scott","144",108000000,59642424.92,167642424.92,228000000,402000000,630000000,47516594.6,"3855","26",91,92,1,false,true,false,462357575.08,275.8,"Blockbuster",4.8,63.81,"High","Fresh","10","2"
"37","Pan","2015-10-27","2015","10","4","Warner Bros.","Warner Bros. Discovery","Fantasy","PG","Levi Miller","Rooney Mara","Joe Wright","111",150000000,89911548.36,239911548.36,35000000,93000000,128000000,10576705.75,"3467","6",26,32,6,false,false,true,-111911548.36,-46.65,"Underperformer",3.31,72.66,"High","Rotten","0","0"
"35","Brooklyn","2015-11-01","2015","11","4","Fox Searchlight","The Walt Disney Company","Drama","PG-13","Emory Cohen","Saoirse Ronan","John Crowley","112",11000000,7993518.97,18993518.97,38000000,25000000,63000000,5349706.85,"2079","6",97,86,-11,false,false,true,44006481.03,231.69,"Blockbuster",7.1,39.68,"Low","Fresh","14","5"
"9","Spectre","2015-11-03","2015","11","4","Sony","Sony Pictures Entertainment","Action","PG-13","Daniel Craig","Lea Seydoux","Sam Mendes","148",245000000,164999948.62,409999948.62,200000000,681000000,881000000,78406803.01,"3980","28",63,60,-3,true,true,false,471000051.38,114.88,"Blockbuster",2.55,77.3,"Mega","Mixed","0","0"
"24","Creed","2015-11-07","2015","11","4","Warner Bros.","Warner Bros. Discovery","Drama","PG-13","Michael B. Jordan","Tessa Thompson","Ryan Coogler","133",35000000,25939343.5,60939343.5,109000000,65000000,174000000,16505277.66,"2332","9",95,89,-6,true,true,false,113060656.5,185.53,"Blockbuster",6.6,37.36,"Low","Fresh","12","2"
"20","Spotlight","2015-11-24","2015","11","4","Open Road Films",,"Drama","R","Mark Ruffalo","Rachel McAdams","Tom McCarthy","129",20000000,13022909.03,33022909.03,45000000,54000000,99000000,12331091.51,"1609","8",97,93,-4,false,false,true,65977090.97,199.79,"Blockbuster",3.65,54.55,"Low","Fresh","16","3"
"7","The Hunger Games: Mockingjay Part 2","2015-11-24","2015","11","4","Lionsgate","Lionsgate Entertainment","Action","PG-13","Josh Hutcherson","Jennifer Lawrence","Francis Lawrence","137",160000000,117227713.41,277227713.41,281000000,372000000,653000000,81830390.31,"4052","28",70,68,-2,true,true,false,375772286.59,135.55,"Blockbuster",3.43,56.97,"High","Mixed","0","0"
"32","The Good Dinosaur","2015-11-27","2015","11","4","Disney","The Walt Disney Company","Animation","PG","Jack Bright","Frances McDormand","Peter Sohn","100",175000000,126587204.97,301587204.97,123000000,209000000,332000000,41398298.12,"3937","15",76,66,-10,false,true,false,30412795.03,10.08,"Profitable",2.97,62.95,"High","Fresh","4","1"
"1","Star Wars: The Force Awakens","2015-12-10","2015","12","4","Disney","The Walt Disney Company","Sci-Fi","PG-13","John Boyega","Daisy Ridley","J.J. Abrams","138",245000000,208171559.24,453171559.24,936000000,1135000000,2071000000,447977932.09,"4184","20",93,85,-8,true,true,false,1617828440.76,357,"Blockbuster",2.09,54.8,"Mega","Fresh","7","2"
"11","The Revenant","2015-12-14","2015","12","4","20th Century Fox","The Walt Disney Company","Adventure","R","Leonardo DiCaprio","Grace Dove","Alejandro G. Iñárritu","156",135000000,74747557.85,209747557.85,184000000,349000000,533000000,51988959.89,"3340","26",78,84,6,false,false,true,323252442.15,154.11,"Blockbuster",3.54,65.48,"High","Fresh","2","0"
"19","The Big Short","2015-12-24","2015","12","4","Paramount","Paramount Global","Drama","R","Christian Bale","Marisa Tomei","Adam McKay","130",28000000,16009764.75,44009764.75,133000000,0,133000000,15194821.27,"1131","6",88,88,0,false,false,true,88990235.25,202.21,"Blockbuster",8.75,0,"Low","Fresh","0","0"
"25","The Hateful Eight","2015-12-26","2015","12","4","The Weinstein Company",,"Drama","R","Samuel L. Jackson","Jennifer Jason Leigh","Quentin Tarantino","168",44000000,24865968.52,68865968.52,54000000,102000000,156000000,14244886.93,"3411","9",74,73,-1,false,false,true,87134031.48,126.53,"Blockbuster",3.79,65.38,"Mid","Mixed","0","0"
"46","Deadpool","2016-02-25","2016","2","1","20th Century Fox","The Walt Disney Company","Action","R","Ryan Reynolds","Morena Baccarin","Tim Miller","108",58000000,38853747.59,96853747.59,363000000,420000000,783000000,87733655.8,"2084","23",85,90,5,false,false,true,686146252.41,708.44,"Blockbuster",4.14,53.64,"Mid","Fresh","0","0"
"43","Zootopia","2016-03-03","2016","3","1","Disney","The Walt Disney Company","Animation","PG","Jason Bateman","Ginnifer Goodwin","Byron Howard","108",150000000,77096275.64,227096275.64,341000000,683000000,1024000000,64624853.16,"4058","17",98,92,-6,false,true,false,796903724.36,350.91,"Blockbuster",5.28,66.7,"High","Fresh","16","3"
"68","10 Cloverfield Lane","2016-03-17","2016","3","1","Paramount","Paramount Global","Thriller","PG-13","John Goodman","Mary Elizabeth Winstead","Dan Trachtenberg","104",15000000,10551033.06,25551033.06,72000000,38000000,110000000,18771905.65,"2062","6",90,79,-11,true,true,false,84448966.94,330.51,"Blockbuster",3.84,34.55,"Low","Fresh","13","2"
"45","Batman v Superman: Dawn of Justice","2016-03-26","2016","3","1","Warner Bros.","Warner Bros. Discovery","Action","PG-13","Ben Affleck","Gal Gadot","Zack Snyder","151",250000000,198992751.09,448992751.09,330000000,544000000,874000000,131915940.96,"4438","23",29,63,34,true,true,false,425007248.91,94.66,"Profitable",2.5,62.24,"Mega","Rotten","0","0"
"44","The Jungle Book","2016-04-10","2016","4","2","Disney","The Walt Disney Company","Adventure","PG","Neel Sethi","Lupita Nyong'o","Jon Favreau","106",175000000,139043549.35,314043549.35,364000000,603000000,967000000,130246884.31,"4070","25",94,86,-8,false,false,true,652956450.65,207.92,"Blockbuster",2.79,62.36,"High","Fresh","9","0"
"40","Captain America: Civil War","2016-05-01","2016","5","2","Disney","The Walt Disney Company","Action","PG-13","Chris Evans","Scarlett Johansson","Anthony Russo","147",250000000,165648073.67,415648073.67,408000000,745000000,1153000000,158563984.22,"4397","22",90,89,-1,true,true,false,737351926.33,177.4,"Blockbuster",2.57,64.61,"Mega","Fresh","11","2"
"52","X-Men: Apocalypse","2016-05-19","2016","5","2","20th Century Fox","The Walt Disney Company","Action","PG-13","James McAvoy","Jennifer Lawrence","Bryan Singer","144",178000000,137543558.99,315543558.99,155000000,389000000,544000000,49510059.26,"4214","18",47,65,18,true,true,false,228456441.01,72.4,"Profitable",3.13,71.51,"High","Rotten","0","0"
"70","Nice Guys","2016-05-20","2016","5","2","Warner Bros.","Warner Bros. Discovery","Action","R","Ryan Gosling","Angourie Rice","Shane Black","116",50000000,30500752.81,80500752.81,36000000,27000000,63000000,8119041.55,"3386","6",92,78,-14,false,false,true,-17500752.81,-21.74,"Underperformer",4.43,42.86,"Mid","Fresh","8","2"
"42","Finding Dory","2016-06-06","2016","6","2","Disney","The Walt Disney Company","Animation","PG","Albert Brooks","Ellen DeGeneres","Andrew Stanton","97",175000000,137713060.95,312713060.95,486000000,543000000,1029000000,196178012.02,"4451","21",94,84,-10,true,true,false,716286939.05,229.06,"Blockbuster",2.48,52.77,"High","Fresh","14","3"
"58","The Conjuring 2","2016-06-07","2016","6","2","Warner Bros.","Warner Bros. Discovery","Horror","R","Patrick Wilson","Vera Farmiga","James Wan","134",40000000,24827295.79,64827295.79,102000000,219000000,321000000,26750096.31,"2018","18",80,81,1,true,true,false,256172704.21,395.16,"Blockbuster",3.81,68.22,"Mid","Fresh","0","0"
"63","Central Intelligence","2016-06-18","2016","6","2","Warner Bros.","Warner Bros. Discovery","Action","PG-13","Dwayne Johnson","Danielle Nicolet","Rawson Marshall Thurber","107",50000000,28308978.57,78308978.57,127000000,90000000,217000000,23964445.94,"3466","18",69,69,0,false,false,true,138691021.43,177.11,"Blockbuster",5.3,41.47,"Mid","Mixed","0","0"
"66","Independence Day: Resurgence","2016-06-21","2016","6","2","20th Century Fox","The Walt Disney Company","Action","PG-13","Liam Hemsworth","Maika Monroe","Roland Emmerich","120",165000000,138648930.58,303648930.58,103000000,286000000,389000000,46875721.2,"4548","17",29,35,6,true,true,false,85351069.42,28.11,"Profitable",2.2,73.52,"High","Rotten","0","0"
"57","Jason Bourne","2016-07-08","2016","7","3","Universal","NBCUniversal (Comcast)","Action","PG-13","Matt Damon","Alicia Vikander","Paul Greengrass","123",120000000,66696422.62,186696422.62,162000000,253000000,415000000,35504749.02,"3923","19",56,56,0,true,true,false,228303577.38,122.29,"Blockbuster",4.56,60.96,"High","Mixed","1","0"
"65","Ghostbusters","2016-07-09","2016","7","3","Sony","Sony Pictures Entertainment","Action","PG-13","Chris Hemsworth","Melissa McCarthy","Paul Feig","116",144000000,77692249.87,221692249.87,128000000,101000000,229000000,43961336.48,"3148","14",74,48,-26,true,true,false,7307750.13,3.3,"Profitable",2.91,44.1,"High","Mixed","2","0"
"64","Bad Moms","2016-07-09","2016","7","3","STX Entertainment","STX Entertainment","Comedy","R","Jay Hernandez","Mila Kunis","Jon Lucas","101",20000000,11201007.14,31201007.14,114000000,70000000,184000000,30882272.15,"2267","6",59,73,14,false,false,true,152798992.86,489.72,"Blockbuster",3.69,38.04,"Low","Mixed","0","0"
"51","The Secret Life of Pets","2016-07-20","2016","7","3","Universal","NBCUniversal (Comcast)","Animation","PG","Louis C.K.","Jenny Slate","Chris Renaud","87",75000000,38879544.02,113879544.02,368000000,507000000,875000000,105815695.73,"2900","25",73,63,-10,false,false,true,761120455.98,668.36,"Blockbuster",3.48,57.94,"Mid","Mixed","4","0"
"67","Don't Breathe","2016-08-11","2016","8","3","Sony","Sony Pictures Entertainment","Horror","R","Dylan Minnette","Jane Levy","Fede Alvarez","88",10000000,5093512.23,15093512.23,89000000,68000000,157000000,14278701.82,"202","6",88,79,-9,false,false,true,141906487.77,940.18,"Blockbuster",6.23,43.31,"Low","Fresh","0","0"
"62","Hell or High Water","2016-08-11","2016","8","3","Lionsgate","Lionsgate Entertainment","Crime","R","Chris Pine","Katy Mixon","David Mackenzie","102",12000000,6962538.08,18962538.08,27000000,11000000,38000000,6333886.29,"1206","8",97,88,-9,false,false,true,19037461.92,100.4,"Blockbuster",4.26,28.95,"Low","Fresh","10","3"
"59","Sausage Party","2016-08-18","2016","8","3","Sony","Sony Pictures Entertainment","Animation","R","Seth Rogen","Kristen Wiig","Greg Tiernan","89",19000000,11800839.67,30800839.67,97000000,44000000,141000000,25277728.12,"813","7",83,55,-28,false,false,true,110199160.33,357.78,"Blockbuster",3.84,31.21,"Low","Fresh","3","1"
"47","Suicide Squad","2016-08-27","2016","8","3","Warner Bros.","Warner Bros. Discovery","Action","PG-13","Will Smith","Margot Robbie","David Ayer","123",175000000,122834732.58,297834732.58,325000000,422000000,747000000,97967717.09,"4359","19",26,59,33,false,true,false,449165267.42,150.81,"Blockbuster",3.32,56.49,"High","Rotten","0","0"
"71","Sully","2016-09-01","2016","9","3","Warner Bros.","Warner Bros. Discovery","Drama","PG-13","Tom Hanks","Laura Linney","Clint Eastwood","96",60000000,37914528.09,97914528.09,125000000,115000000,240000000,30767557.62,"2173","16",85,87,2,false,false,true,142085471.91,145.11,"Blockbuster",4.06,47.92,"Mid","Fresh","0","0"
"61","Moonlight","2016-10-08","2016","10","4","A24",,"Drama","R","Trevante Rhodes","Naomie Harris","Barry Jenkins","111",4000000,2517297.89,6517297.89,28000000,37000000,65000000,2905005.72,"1322","10",98,79,-19,false,false,true,58482702.11,897.35,"Blockbuster",9.64,56.92,"Micro","Fresh","10","3"
"60","Manchester by the Sea","2016-11-09","2016","11","4","Amazon Studios",,"Drama","R","Casey Affleck","Michelle Williams","Kenneth Lonergan","137",9000000,5312468.33,14312468.33,48000000,31000000,79000000,6270652.43,"271","9",97,77,-20,false,false,true,64687531.67,451.97,"Blockbuster",7.65,39.24,"Micro","Fresh","11","1"
"55","Hacksaw Ridge","2016-11-17","2016","11","4","Lionsgate","Lionsgate Entertainment","Drama","R","Andrew Garfield","Teresa Palmer","Mel Gibson","139",40000000,22778992.92,62778992.92,67000000,109000000,176000000,10681832.14,"2821","14",84,90,6,false,false,true,113221007.08,180.35,"Blockbuster",6.27,61.93,"Mid","Fresh","0","0"
"50","Moana","2016-11-18","2016","11","4","Disney","The Walt Disney Company","Animation","PG","Dwayne Johnson","Auli'i Cravalho","Ron Clements","107",150000000,112017673.31,262017673.31,249000000,395000000,644000000,66024461.79,"3639","27",95,89,-6,false,true,false,381982326.69,145.78,"Blockbuster",3.77,61.34,"High","Fresh","17","3"
"54","Arrival","2016-11-22","2016","11","4","Paramount","Paramount Global","Sci-Fi","PG-13","Jeremy Renner","Amy Adams","Denis Villeneuve","116",47000000,35249322.86,82249322.86,100000000,103000000,203000000,15777760.97,"3359","20",94,82,-12,false,false,true,120750677.14,146.81,"Blockbuster",6.34,50.74,"Mid","Fresh","9","2"
"48","Doctor Strange","2016-11-23","2016","11","4","Disney","The Walt Disney Company","Action","PG-13","Benedict Cumberbatch","Rachel McAdams","Scott Derrickson","115",165000000,129059706.36,294059706.36,233000000,445000000,678000000,78901694.94,"4354","26",89,86,-3,false,true,false,383940293.64,130.57,"Blockbuster",2.95,65.63,"High","Fresh","0","0"
"49","Fantastic Beasts and Where to Find Them","2016-11-24","2016","11","4","Warner Bros.","Warner Bros. Discovery","Fantasy","PG-13","Eddie Redmayne","Katherine Waterston","David Yates","132",180000000,111874053.52,291874053.52,234000000,580000000,814000000,87508856.95,"4162","19",74,76,2,false,false,true,522125946.48,178.89,"Blockbuster",2.67,71.25,"High","Mixed","0","0"
"41","Rogue One: A Star Wars Story","2016-12-11","2016","12","4","Disney","The Walt Disney Company","Sci-Fi","PG-13","Diego Luna","Felicity Jones","Gareth Edwards","133",200000000,148673697.74,348673697.74,533000000,523000000,1056000000,210226012.91,"3921","19",84,86,2,true,true,false,707326302.26,202.86,"Blockbuster",2.54,49.53,"Mega","Fresh","2","1"
"69","Passengers","2016-12-17","2016","12","4","Sony","Sony Pictures Entertainment","Sci-Fi","PG-13","Chris Pratt","Jennifer Lawrence","Morten Tyldum","116",110000000,57707119.1,167707119.1,100000000,203000000,303000000,26834086.48,"4008","16",30,63,33,false,true,false,135292880.9,80.67,"Profitable",3.73,67,"High","Rotten","0","0"
"53","La La Land","2016-12-25","2016","12","4","Lionsgate","Lionsgate Entertainment","Musical","PG-13","Ryan Gosling","Emma Stone","Damien Chazelle","128",30000000,18363381.27,48363381.27,152000000,295000000,447000000,44371702.79,"811","17",91,81,-10,false,false,true,398636618.73,824.25,"Blockbuster",3.43,66,"Low","Fresh","6","2"
"56","Sing","2016-12-26","2016","12","4","Universal","NBCUniversal (Comcast)","Animation","PG","Matthew McConaughey","Reese Witherspoon","Garth Jennings","108",75000000,48425678.97,123425678.97,270000000,364000000,634000000,84105799.95,"3095","20",72,72,0,false,false,true,510574321.03,413.67,"Blockbuster",3.21,57.41,"Mid","Mixed","4","2"
"84","Get Out","2017-02-18","2017","2","1","Universal","NBCUniversal (Comcast)","Horror","R","Daniel Kaluuya","Allison Williams","Jordan Peele","104",5000000,2541440.99,7541440.99,176000000,79000000,255000000,36248337.44,"788","17",98,86,-12,false,false,true,247458559.01,3281.32,"Blockbuster",4.86,30.98,"Micro","Fresh","13","2"
"88","Kong: Skull Island","2017-03-01","2017","3","1","Warner Bros.","Warner Bros. Discovery","Action","PG-13","Tom Hiddleston","Brie Larson","Jordan Vogt-Roberts","118",185000000,124942154.6,309942154.6,168000000,399000000,567000000,44865471.23,"4368","19",75,68,-7,false,true,false,257057845.4,82.94,"Profitable",3.74,70.37,"High","Fresh","1","1"
"93","The Boss Baby","2017-03-13","2017","3","1","20th Century Fox","The Walt Disney Company","Animation","PG","Alec Baldwin","Lisa Kudrow","Tom McGrath","97",125000000,93653085.97,218653085.97,175000000,353000000,528000000,48732806.85,"3797","17",52,54,2,false,true,false,309346914.03,141.48,"Blockbuster",3.59,66.86,"High","Mixed","3","1"
"83","Logan","2017-03-20","2017","3","1","20th Century Fox","The Walt Disney Company","Action","R","Hugh Jackman","Dafne Keen","James Mangold","137",97000000,68979913.87,165979913.87,226000000,393000000,619000000,69234438.77,"3646","26",93,90,-3,true,true,false,453020086.13,272.94,"Blockbuster",3.26,63.49,"Mid","Fresh","11","3"
"73","Beauty and the Beast","2017-03-23","2017","3","1","Disney","The Walt Disney Company","Fantasy","PG","Dan Stevens","Emma Watson","Bill Condon","129",160000000,98470922.79,258470922.79,504000000,760000000,1264000000,135191503.62,"4032","25",71,80,9,false,false,true,1005529077.21,389.03,"Blockbuster",3.73,60.13,"High","Mixed","1","0"
"75","Guardians of the Galaxy Vol. 2","2017-05-01","2017","5","2","Disney","The Walt Disney Company","Action","PG-13","Chris Pratt","Zoe Saldana","James Gunn","136",200000000,156353121.81,356353121.81,389000000,475000000,864000000,127883428.84,"4407","18",85,87,2,true,true,false,507646878.19,142.46,"Blockbuster",3.04,54.98,"Mega","Fresh","1","0"
"74","Wonder Woman","2017-06-06","2017","6","2","Warner Bros.","Warner Bros. Discovery","Action","PG-13","Chris Pine","Gal Gadot","Patty Jenkins","141",149000000,82653084.33,231653084.33,413000000,410000000,823000000,94005813.99,"3651","23",93,83,-10,false,true,false,591346915.67,255.27,"Blockbuster",4.39,49.82,"High","Fresh","9","3"
"79","Despicable Me 3","2017-06-09","2017","6","2","Universal","NBCUniversal (Comcast)","Animation","PG","Steve Carell","Kristen Wiig","Kyle Balda","89",80000000,53908525.51,133908525.51,264000000,771000000,1035000000,93496379.7,"2942","17",59,55,-4,true,true,false,901091474.49,672.92,"Blockbuster",2.82,74.49,"Mid","Mixed","3","0"
"94","Transformers: The Last Knight","2017-06-09","2017","6","2","Paramount","Paramount Global","Action","PG-13","Mark Wahlberg","Laura Haddock","Michael Bay","154",217000000,135348510.27,352348510.27,130000000,475000000,605000000,51422591,"4233","25",15,31,16,true,true,false,252651489.73,71.7,"Profitable",2.53,78.51,"Mega","Rotten","0","0"
"86","Baby Driver","2017-06-14","2017","6","2","Sony","Sony Pictures Entertainment","Action","R","Ansel Elgort","Lily James","Edgar Wright","113",34000000,17127177.52,51127177.52,107000000,120000000,227000000,28861294.83,"3142","12",93,86,-7,false,false,true,175872822.48,343.99,"Blockbuster",3.71,52.86,"Low","Fresh","11","1"
"96","Cars 3","2017-06-22","2017","6","2","Disney","The Walt Disney Company","Animation","G","Owen Wilson","Cristela Alonzo","Brian Fee","102",175000000,118338174.53,293338174.53,152000000,232000000,384000000,53384298.67,"4166","12",69,70,1,true,true,false,90661825.47,30.91,"Profitable",2.85,60.42,"High","Mixed","3","1"
"95","The Mummy","2017-06-25","2017","6","2","Universal","NBCUniversal (Comcast)","Action","PG-13","Tom Cruise","Sofia Boutella","Alex Kurtzman","110",125000000,77769800.15,202769800.15,80000000,330000000,410000000,28250974.13,"3333","18",16,35,19,true,true,false,207230199.85,102.2,"Blockbuster",2.83,80.49,"High","Rotten","0","0"
"81","Dunkirk","2017-07-06","2017","7","3","Warner Bros.","Warner Bros. Discovery","Action","PG-13","Fionn Whitehead","N/A","Christopher Nolan","106",100000000,64277807.98,164277807.98,190000000,337000000,527000000,37114221.79,"3767","21",92,81,-11,false,false,true,362722192.02,220.8,"Blockbuster",5.12,63.95,"High","Fresh","15","1"
"87","War for the Planet of the Apes","2017-07-12","2017","7","3","20th Century Fox","The Walt Disney Company","Action","PG-13","Andy Serkis","Amiah Miller","Matt Reeves","140",150000000,84483978.48,234483978.48,147000000,344000000,491000000,50655204.13,"3062","13",93,82,-11,true,true,false,256516021.52,109.4,"Blockbuster",2.9,70.06,"High","Fresh","12","1"
"97","Girls Trip","2017-07-15","2017","7","3","Universal","NBCUniversal (Comcast)","Comedy","R","Larenz Tate","Regina Hall","Malcolm D. Lee","122",19000000,10209442.15,29209442.15,115000000,25000000,140000000,33649236.75,"1124","14",90,75,-15,false,false,true,110790557.85,379.3,"Blockbuster",3.42,17.86,"Low","Fresh","0","0"
"76","Spider-Man: Homecoming","2017-07-20","2017","7","3","Sony","Sony Pictures Entertainment","Action","PG-13","Tom Holland","Zendaya","Jon Watts","133",175000000,143607017.3,318607017.3,334000000,546000000,880000000,103891556.4,"4191","19",92,87,-5,true,true,false,561392982.7,176.2,"Blockbuster",3.21,62.05,"High","Fresh","8","2"
"77","It","2017-09-27","2017","9","3","Warner Bros.","Warner Bros. Discovery","Horror","R","Jaeden Martell","Sophia Lillis","Andy Muschietti","135",35000000,20111680.19,55111680.19,327000000,374000000,701000000,45997014.05,"3242","26",86,84,-2,false,false,true,645888319.81,1171.96,"Blockbuster",7.11,53.35,"Low","Fresh","0","0"
"89","Blade Runner 2049","2017-10-07","2017","10","4","Warner Bros.","Warner Bros. Discovery","Sci-Fi","R","Ryan Gosling","Ana de Armas","Denis Villeneuve","164",150000000,91215745.22,241215745.22,92000000,168000000,260000000,32157616.96,"3811","20",88,81,-7,true,true,false,18784254.78,7.79,"Profitable",2.86,64.62,"High","Fresh","1","0"
"82","Justice League","2017-11-03","2017","11","4","Warner Bros.","Warner Bros. Discovery","Action","PG-13","Ben Affleck","Gal Gadot","Zack Snyder","120",300000000,180760854.3,480760854.3,229000000,430000000,659000000,87689833.32,"4330","28",40,72,32,true,true,false,178239145.7,37.07,"Profitable",2.61,65.25,"Mega","Rotten","0","0"
"78","Thor: Ragnarok","2017-11-12","2017","11","4","Disney","The Walt Disney Company","Action","PG-13","Chris Hemsworth","Cate Blanchett","Taika Waititi","130",180000000,149960975.19,329960975.19,315000000,539000000,854000000,115903714.83,"4489","20",93,87,-6,true,true,false,524039024.81,158.82,"Blockbuster",2.72,63.11,"High","Fresh","16","3"
"80","Coco","2017-11-14","2017","11","4","Disney","The Walt Disney Company","Animation","PG","Anthony Gonzalez","Alanna Ubach","Lee Unkrich","105",175000000,108144947.85,283144947.85,210000000,597000000,807000000,61521813.81,"4012","27",97,94,-3,false,true,false,523855052.15,185.01,"Blockbuster",3.41,73.98,"High","Fresh","16","3"
"98","Wonder","2017-11-19","2017","11","4","Lionsgate","Lionsgate Entertainment","Drama","PG","Jacob Tremblay","Julia Roberts","Stephen Chbosky","113",20000000,10970013.9,30970013.9,132000000,174000000,306000000,28820315.42,"2036","16",85,94,9,false,false,true,275029986.1,888.05,"Blockbuster",4.58,56.86,"Low","Fresh","0","0"
"92","Lady Bird","2017-11-25","2017","11","4","A24",,"Drama","R","Timothée Chalamet","Saoirse Ronan","Greta Gerwig","94",10000000,5537225.91,15537225.91,49000000,30000000,79000000,12955657.58,"517","12",99,79,-20,false,false,true,63462774.09,408.46,"Blockbuster",3.78,37.97,"Low","Fresh","9","2"
"90","Three Billboards Outside Ebbing, Missouri","2017-11-27","2017","11","4","Fox Searchlight","The Walt Disney Company","Drama","R","Sam Rockwell","Frances McDormand","Martin McDonagh","115",12000000,8999883.45,20999883.45,54000000,106000000,160000000,11458440.35,"2427","13",90,83,-7,false,false,true,139000116.55,661.91,"Blockbuster",4.71,66.25,"Low","Fresh","0","0"
"72","Star Wars: The Last Jedi","2017-12-02","2017","12","4","Disney","The Walt Disney Company","Sci-Fi","PG-13","Adam Driver","Daisy Ridley","Rian Johnson","152",200000000,142952042.79,342952042.79,620000000,713000000,1333000000,223913123.92,"3832","17",91,42,-49,true,true,false,990047957.21,288.68,"Blockbuster",2.77,53.49,"Mega","Fresh","14","6"
"91","The Shape of Water","2017-12-14","2017","12","4","Fox Searchlight","The Walt Disney Company","Fantasy","R","Michael Shannon","Sally Hawkins","Guillermo del Toro","123",20000000,13356406.03,33356406.03,64000000,131000000,195000000,13391534.16,"2466","10",92,72,-20,false,false,true,161643593.97,484.6,"Blockbuster",4.78,67.18,"Low","Fresh","10","2"
"85","The Greatest Showman","2017-12-21","2017","12","4","20th Century Fox","The Walt Disney Company","Musical","PG","Hugh Jackman","Zendaya","Michael Gracey","105",84000000,50789958.1,134789958.1,174000000,261000000,435000000,52420411.9,"3824","16",56,86,30,false,false,true,300210041.9,222.72,"Blockbuster",3.32,60,"Mid","Mixed","0","0"
"100","Phantom Thread","2017-12-22","2017","12","4","Focus Features","NBCUniversal (Comcast)","Drama","R","Daniel Day-Lewis","Vicky Krieps","Paul Thomas Anderson","130",35000000,20986263.42,55986263.42,22000000,26000000,48000000,6474885.22,"3030","9",91,68,-23,false,false,true,-7986263.42,-14.26,"Underperformer",3.4,54.17,"Low","Fresh","0","0"
"99","The Disaster Artist","2017-12-27","2017","12","4","A24",,"Comedy","R","James Franco","Ari Graynor","James Franco","104",10000000,5273662.54,15273662.54,21000000,8000000,29000000,5860816.78,"56","9",91,82,-9,false,false,true,13726337.46,89.87,"Profitable",3.58,27.59,"Low","Fresh","0","0"
"101","Black Panther","2018-02-26","2018","2","1","Disney","The Walt Disney Company","Action","PG-13","Chadwick Boseman","Lupita Nyong'o","Ryan Coogler","134",200000000,129323489.56,329323489.56,700000000,649000000,1349000000,175143593.79,"4529","21",96,79,-17,false,true,false,1019676510.44,309.63,"Blockbuster",4,48.11,"Mega","Fresh","11","2"
"127","Ready Player One","2018-03-05","2018","3","1","Warner Bros.","Warner Bros. Discovery","Sci-Fi","PG-13","Tye Sheridan","Olivia Cooke","Steven Spielberg","140",175000000,124634734.82,299634734.82,137000000,446000000,583000000,34892184.43,"4186","19",72,77,5,false,true,false,283365265.18,94.57,"Profitable",3.93,76.5,"High","Mixed","1","0"
"112","A Quiet Place","2018-04-12","2018","4","2","Paramount","Paramount Global","Horror","PG-13","John Krasinski","Emily Blunt","John Krasinski","90",17000000,8838945.74,25838945.74,188000000,153000000,341000000,29421526.92,"1750","13",96,83,-13,false,false,true,315161054.26,1219.71,"Blockbuster",6.39,44.87,"Low","Fresh","8","0"
"102","Avengers: Infinity War","2018-04-25","2018","4","2","Disney","The Walt Disney Company","Action","PG-13","Robert Downey Jr.","Scarlett Johansson","Anthony Russo","149",316000000,207775472.49,523775472.49,679000000,1369000000,2048000000,283583717.96,"4128","20",85,91,6,true,true,false,1524224527.51,291.01,"Blockbuster",2.39,66.85,"Mega","Fresh","3","0"
"115","Solo: A Star Wars Story","2018-05-01","2018","5","2","Disney","The Walt Disney Company","Sci-Fi","PG-13","Alden Ehrenreich","Emilia Clarke","Ron Howard","135",275000000,173064656.41,448064656.41,214000000,180000000,394000000,98460519.29,"4368","13",70,64,-6,true,true,false,-54064656.41,-12.07,"Underperformer",2.17,45.69,"Mega","Mixed","2","1"
"109","Deadpool 2","2018-05-27","2018","5","2","20th Century Fox","The Walt Disney Company","Action","R","Ryan Reynolds","Morena Baccarin","David Leitch","119",110000000,67738657.96,177738657.96,324000000,462000000,786000000,70518975.15,"4014","18",84,82,-2,true,true,false,608261342.04,342.22,"Blockbuster",4.59,58.78,"High","Fresh","2","1"
"123","Hereditary","2018-06-01","2018","6","2","A24",,"Horror","R","Alex Wolff","Toni Collette","Ari Aster","127",10000000,5778596.89,15778596.89,44000000,36000000,80000000,8056609.9,"324","14",89,68,-21,false,false,true,64221403.11,407.02,"Blockbuster",5.46,45,"Low","Fresh","9","2"
"103","Incredibles 2","2018-06-09","2018","6","2","Disney","The Walt Disney Company","Animation","PG","Craig T. Nelson","Holly Hunter","Brad Bird","118",200000000,163115427.94,363115427.94,609000000,634000000,1243000000,220160289.29,"4231","18",94,80,-14,true,true,false,879884572.06,242.32,"Blockbuster",2.77,51.01,"Mega","Fresh","21","3"
"104","Jurassic World: Fallen Kingdom","2018-06-15","2018","6","2","Universal","NBCUniversal (Comcast)","Action","PG-13","Chris Pratt","Bryce Dallas Howard","J.A. Bayona","128",170000000,142643609.37,312643609.37,417000000,893000000,1310000000,153747804.5,"4309","25",47,48,1,true,true,false,997356390.63,319.01,"Blockbuster",2.71,68.17,"High","Rotten","0","0"
"107","Mission: Impossible - Fallout","2018-07-06","2018","7","3","Paramount","Paramount Global","Action","PG-13","Tom Cruise","Rebecca Ferguson","Christopher McQuarrie","147",178000000,150793981.08,328793981.08,220000000,571000000,791000000,77225561.61,"4226","18",97,89,-8,true,true,false,462206018.92,140.58,"Blockbuster",2.85,72.19,"High","Fresh","15","1"
"110","Ant-Man and the Wasp","2018-07-13","2018","7","3","Disney","The Walt Disney Company","Action","PG-13","Paul Rudd","Evangeline Lilly","Peyton Reed","118",162000000,109582800.99,271582800.99,216000000,406000000,622000000,98697595.24,"4035","19",87,75,-12,true,true,false,350417199.01,129.03,"Blockbuster",2.19,65.27,"High","Fresh","0","0"
"124","Mamma Mia! Here We Go Again","2018-07-19","2018","7","3","Universal","NBCUniversal (Comcast)","Musical","PG-13","Josh Dylan","Lily James","Ol Parker","114",75000000,39832463.69,114832463.69,120000000,275000000,395000000,36435108.09,"3182","20",80,68,-12,true,true,false,280167536.31,243.98,"Blockbuster",3.29,69.62,"Mid","Fresh","1","0"
"126","Eighth Grade","2018-07-28","2018","7","3","A24",,"Comedy","R","Josh Hamilton","Elsie Fisher","Bo Burnham","93",2000000,1237442.19,3237442.19,14000000,1000000,15000000,1583396.04,"1067","6",99,89,-10,false,false,true,11762557.81,363.33,"Blockbuster",8.84,6.67,"Micro","Fresh","14","3"
"114","The Meg","2018-08-06","2018","8","3","Warner Bros.","Warner Bros. Discovery","Action","PG-13","Jason Statham","Li Bingbing","Jon Turteltaub","113",130000000,82014492.36,212014492.36,145000000,385000000,530000000,31607121.4,"4021","25",46,43,-3,false,true,false,317985507.64,149.98,"Blockbuster",4.59,72.64,"High","Rotten","0","0"
"113","Crazy Rich Asians","2018-08-28","2018","8","3","Warner Bros.","Warner Bros. Discovery","Comedy","PG-13","Henry Golding","Constance Wu","Jon M. Chu","121",30000000,15051793.05,45051793.05,174000000,65000000,239000000,29614404.06,"2384","19",91,86,-5,false,false,true,193948206.95,430.5,"Blockbuster",5.88,27.2,"Low","Fresh","13","3"
"117","Halloween","2018-10-14","2018","10","4","Universal","NBCUniversal (Comcast)","Horror","R","James Jude Courtney","Jamie Lee Curtis","David Gordon Green","106",10000000,6034931.91,16034931.91,159000000,100000000,259000000,46103566.96,"832","20",79,70,-9,true,true,false,242965068.09,1515.22,"Blockbuster",3.45,38.61,"Low","Fresh","0","0"
"111","A Star Is Born","2018-10-16","2018","10","4","Warner Bros.","Warner Bros. Discovery","Drama","R","Bradley Cooper","Lady Gaga","Bradley Cooper","136",36000000,18712616.32,54712616.32,215000000,221000000,436000000,51361196.22,"3132","16",90,79,-11,false,false,true,381287383.68,696.89,"Blockbuster",4.19,50.69,"Low","Fresh","10","4"
"106","Venom","2018-10-24","2018","10","4","Sony","Sony Pictures Entertainment","Action","PG-13","Tom Hardy","Michelle Williams","Ruben Fleischer","112",100000000,52783328,152783328,213000000,643000000,856000000,64762202.66,"3325","27",30,81,51,false,false,true,703216672,460.27,"Blockbuster",3.29,75.12,"High","Rotten","0","0"
"120","The Grinch","2018-11-02","2018","11","4","Universal","NBCUniversal (Comcast)","Animation","PG","Benedict Cumberbatch","Rashida Jones","Yarrow Cheney","86",75000000,55940216.42,130940216.42,271000000,241000000,512000000,70736809.45,"3249","19",59,56,-3,false,false,true,381059783.58,291.02,"Blockbuster",3.83,47.07,"Mid","Mixed","4","0"
"121","Green Book","2018-11-06","2018","11","4","Universal","NBCUniversal (Comcast)","Drama","PG-13","Viggo Mortensen","Linda Cardellini","Peter Farrelly","130",23000000,14137697.9,37137697.9,85000000,237000000,322000000,24072415.24,"1799","20",77,93,16,false,false,true,284862302.1,767.04,"Blockbuster",3.53,73.6,"Low","Fresh","0","0"
"108","Bohemian Rhapsody","2018-11-08","2018","11","4","20th Century Fox","The Walt Disney Company","Drama","PG-13","Rami Malek","Lucy Boynton","Bryan Singer","134",52000000,27697254.86,79697254.86,216000000,688000000,904000000,55764797.39,"2597","23",60,85,25,false,false,true,824302745.14,1034.29,"Blockbuster",3.87,76.11,"Mid","Mixed","0","0"
"122","The Favourite","2018-11-10","2018","11","4","Fox Searchlight","The Walt Disney Company","Drama","R","Nicholas Hoult","Olivia Colman","Yorgos Lanthimos","120",15000000,10137770.16,25137770.16,34000000,62000000,96000000,3634868.8,"2062","9",93,62,-31,false,false,true,70862229.84,281.9,"Blockbuster",9.35,64.58,"Low","Fresh","11","3"
"116","Ralph Breaks the Internet","2018-11-13","2018","11","4","Disney","The Walt Disney Company","Animation","PG","John C. Reilly","Sarah Silverman","Rich Moore","112",175000000,131627551.14,306627551.14,201000000,328000000,529000000,67915032.1,"3879","22",88,68,-20,true,true,false,222372448.86,72.52,"Profitable",2.96,62,"High","Fresh","20","7"
"125","Fantastic Beasts: The Crimes of Grindelwald","2018-11-26","2018","11","4","Warner Bros.","Warner Bros. Discovery","Fantasy","PG-13","Eddie Redmayne","Katherine Waterston","David Yates","134",200000000,130395951.59,330395951.59,160000000,494000000,654000000,60082232.63,"3986","22",36,53,17,true,true,false,323604048.41,97.94,"Profitable",2.66,75.54,"Mega","Rotten","0","0"
"105","Aquaman","2018-12-01","2018","12","4","Warner Bros.","Warner Bros. Discovery","Action","PG-13","Jason Momoa","Amber Heard","James Wan","143",160000000,118307648.43,278307648.43,335000000,813000000,1148000000,90964936.75,"4103","24",65,74,9,false,true,false,869692351.57,312.49,"Blockbuster",3.68,70.82,"High","Mixed","0","0"
"119","Bumblebee","2018-12-17","2018","12","4","Paramount","Paramount Global","Action","PG-13","John Cena","Hailee Steinfeld","Travis Knight","114",135000000,77771086.22,212771086.22,128000000,340000000,468000000,36218607.79,"3593","14",91,72,-19,true,true,false,255228913.78,119.95,"Blockbuster",3.53,72.65,"High","Fresh","10","2"
"118","Spider-Man: Into the Spider-Verse","2018-12-26","2018","12","4","Sony","Sony Pictures Entertainment","Animation","PG","Shameik Moore","Hailee Steinfeld","Bob Persichetti","117",90000000,53509733.81,143509733.81,190000000,186000000,376000000,49229688.76,"4070","20",97,93,-4,false,false,true,232490266.19,162,"Blockbuster",3.86,49.47,"Mid","Fresh","16","3"
"146","How to Train Your Dragon: The Hidden World","2019-02-18","2019","2","1","Universal","NBCUniversal (Comcast)","Animation","PG","Jay Baruchel","America Ferrera","Dean DeBlois","104",129000000,86384872.17,215384872.17,161000000,360000000,521000000,40999312.2,"3966","25",91,82,-9,true,true,false,305615127.83,141.89,"Blockbuster",3.93,69.1,"High","Fresh","15","3"
"138","Us","2019-03-01","2019","3","1","Universal","NBCUniversal (Comcast)","Horror","R","Winston Duke","Lupita Nyong'o","Jordan Peele","116",20000000,13285291.86,33285291.86,175000000,80000000,255000000,21799677.36,"2029","19",93,60,-33,false,false,true,221714708.14,666.1,"Blockbuster",8.03,31.37,"Low","Fresh","10","5"
"132","Captain Marvel","2019-03-10","2019","3","1","Disney","The Walt Disney Company","Action","PG-13","Jude Law","Brie Larson","Anna Boden","124",152000000,100591544.69,252591544.69,427000000,702000000,1129000000,138390291.3,"4136","21",79,45,-34,false,true,false,876408455.31,346.97,"Blockbuster",3.09,62.18,"High","Fresh","2","0"
"144","Shazam!","2019-04-02","2019","4","2","Warner Bros.","Warner Bros. Discovery","Action","PG-13","Zachary Levi","Faithe Herman","David F. Sandberg","132",80000000,57505216.6,137505216.6,140000000,226000000,366000000,44325863.84,"2506","20",90,82,-8,false,false,true,228494783.4,166.17,"Blockbuster",3.16,61.75,"Mid","Fresh","1","0"
"128","Avengers: Endgame","2019-04-21","2019","4","2","Disney","The Walt Disney Company","Action","PG-13","Robert Downey Jr.","Scarlett Johansson","Anthony Russo","181",356000000,251180309.72,607180309.72,858000000,1940000000,2798000000,266934246.85,"3807","25",94,90,-4,true,true,false,2190819690.28,360.82,"Blockbuster",3.21,69.34,"Mega","Fresh","13","4"
"135","Aladdin","2019-05-09","2019","5","2","Disney","The Walt Disney Company","Adventure","PG","Mena Massoud","Naomi Scott","Guy Ritchie","128",183000000,143289695.37,326289695.37,356000000,695000000,1051000000,142029506.37,"4206","21",57,94,37,false,false,true,724710304.63,222.11,"Blockbuster",2.51,66.13,"High","Mixed","0","0"
"137","John Wick: Chapter 3 - Parabellum","2019-05-13","2019","5","2","Lionsgate","Lionsgate Entertainment","Action","R","Keanu Reeves","Halle Berry","Chad Stahelski","130",75000000,47604809.06,122604809.06,171000000,156000000,327000000,36700670.52,"2248","17",89,86,-3,true,true,false,204395190.94,166.71,"Blockbuster",4.66,47.71,"Mid","Fresh","2","0"
"148","Rocketman","2019-05-27","2019","5","2","Paramount","Paramount Global","Drama","R","Taron Egerton","Bryce Dallas Howard","Dexter Fletcher","121",40000000,26095820.67,66095820.67,96000000,100000000,196000000,22633131.43,"2477","11",89,90,1,false,false,true,129904179.33,196.54,"Blockbuster",4.24,51.02,"Mid","Fresh","0","0"
"145","The Secret Life of Pets 2","2019-06-02","2019","6","2","Universal","NBCUniversal (Comcast)","Animation","PG","Patton Oswalt","Jenny Slate","Chris Renaud","86",80000000,43930937.58,123930937.58,158000000,273000000,431000000,36370982.62,"3087","13",60,53,-7,true,true,false,307069062.42,247.77,"Blockbuster",4.34,63.34,"Mid","Mixed","4","1"
"133","Toy Story 4","2019-06-21","2019","6","2","Disney","The Walt Disney Company","Animation","G","Tom Hanks","Annie Potts","Josh Cooley","100",175000000,141052395.29,316052395.29,434000000,639000000,1073000000,142323955.14,"4287","27",97,94,-3,true,true,false,756947604.71,239.5,"Blockbuster",3.05,59.55,"High","Fresh","11","1"
"140","Once Upon a Time in Hollywood","2019-07-14","2019","7","3","Sony","Sony Pictures Entertainment","Comedy","R","Leonardo DiCaprio","Margot Robbie","Quentin Tarantino","161",90000000,45701871.67,135701871.67,142000000,232000000,374000000,31301293.9,"3395","12",85,70,-15,false,false,true,238298128.33,175.6,"Blockbuster",4.54,62.03,"Mid","Fresh","1","0"
"150","Midsommar","2019-07-14","2019","7","3","A24",,"Horror","R","Jack Reynor","Florence Pugh","Ari Aster","148",9000000,5460434.91,14460434.91,27000000,21000000,48000000,7028268.8,"748","7",83,63,-20,false,false,true,33539565.09,231.94,"Blockbuster",3.84,43.75,"Micro","Fresh","0","0"
"131","Spider-Man: Far from Home","2019-07-19","2019","7","3","Sony","Sony Pictures Entertainment","Action","PG-13","Tom Holland","Zendaya","Jon Watts","129",160000000,130843289.3,290843289.3,391000000,741000000,1132000000,123959865.38,"4445","16",90,95,5,true,true,false,841156710.7,289.21,"Blockbuster",3.15,65.46,"High","Fresh","7","1"
"129","The Lion King","2019-07-21","2019","7","3","Disney","The Walt Disney Company","Animation","PG","Donald Glover","Beyoncé","Jon Favreau","118",260000000,204681724.34,464681724.34,543000000,1114000000,1657000000,190176985.4,"4391","26",52,88,36,false,true,false,1192318275.66,256.59,"Blockbuster",2.86,67.23,"Mega","Mixed","4","2"
"139","Hobbs & Shaw","2019-08-21","2019","8","3","Universal","NBCUniversal (Comcast)","Action","PG-13","Dwayne Johnson","Vanessa Kirby","David Leitch","137",200000000,164890976.7,364890976.7,174000000,586000000,760000000,57849606.36,"3900","17",67,88,21,true,true,false,395109023.3,108.28,"Blockbuster",3.01,77.11,"Mega","Mixed","0","0"
"136","It Chapter Two","2019-09-05","2019","9","3","Warner Bros.","Warner Bros. Discovery","Horror","R","James McAvoy","Jessica Chastain","Andy Muschietti","169",79000000,58490034.62,137490034.62,211000000,263000000,474000000,68626699.48,"3215","14",62,60,-2,true,true,false,336509965.38,244.75,"Blockbuster",3.07,55.49,"Mid","Mixed","0","0"
"134","Joker","2019-10-09","2019","10","4","Warner Bros.","Warner Bros. Discovery","Crime","R","Joaquin Phoenix","Zazie Beetz","Todd Phillips","122",55000000,30828551.98,85828551.98,335000000,739000000,1074000000,97650342.99,"2843","20",68,88,20,false,false,true,988171448.02,1151.33,"Blockbuster",3.43,68.81,"Mid","Mixed","0","0"
"153","Jojo Rabbit","2019-10-23","2019","10","4","Fox Searchlight","The Walt Disney Company","Comedy","PG-13","Roman Griffin Davis","Thomasin McKenzie","Taika Waititi","108",14000000,8948627.61,22948627.61,33000000,57000000,90000000,7814034.2,"1316","12",80,94,14,false,false,true,67051372.39,292.18,"Blockbuster",4.22,63.33,"Low","Fresh","0","0"
"143","Parasite","2019-10-24","2019","10","4","Neon",,"Thriller","R","Song Kang-ho","Park So-dam","Bong Joon-ho","132",11000000,5711285.2,16711285.2,53000000,206000000,259000000,11093666.09,"1623","15",99,90,-9,false,false,true,242288714.8,1449.85,"Blockbuster",4.78,79.54,"Low","Fresh","11","2"
"130","Frozen II","2019-11-03","2019","11","4","Disney","The Walt Disney Company","Animation","PG","Jonathan Groff","Idina Menzel","Chris Buck","103",150000000,87483120.01,237483120.01,477000000,973000000,1450000000,139999134.05,"3572","18",77,78,1,true,true,false,1212516879.99,510.57,"Blockbuster",3.41,67.1,"High","Fresh","4","0"
"141","Knives Out","2019-11-09","2019","11","4","Lionsgate","Lionsgate Entertainment","Comedy","PG-13","Daniel Craig","Ana de Armas","Rian Johnson","131",40000000,29439383.29,69439383.29,165000000,147000000,312000000,20158722.5,"2313","12",97,92,-5,false,false,true,242560616.71,349.31,"Blockbuster",8.19,47.12,"Mid","Fresh","13","2"
"149","Ford v Ferrari","2019-11-18","2019","11","4","20th Century Fox","The Walt Disney Company","Action","PG-13","Christian Bale","Caitriona Balfe","James Mangold","152",98000000,54108755.15,152108755.15,117000000,109000000,226000000,26738832.95,"3569","15",92,98,6,false,false,true,73891244.85,48.58,"Profitable",4.38,48.23,"Mid","Fresh","16","2"
"152","Marriage Story","2019-11-24","2019","11","4","Netflix","Netflix Inc.","Drama","R","Adam Driver","Scarlett Johansson","Noah Baumbach","137",18000000,11456766.6,29456766.6,2000000,0,2000000,443027.28,"2046","10",95,85,-10,false,false,true,-27456766.6,-93.21,"Flop",4.51,0,"Low","Fresh","10","2"
"151","The Irishman","2019-11-27","2019","11","4","Netflix","Netflix Inc.","Crime","R","Robert De Niro","Anna Paquin","Martin Scorsese","209",159000000,118283882.65,277283882.65,8000000,0,8000000,2187577.08,"3874","3",95,86,-9,false,false,true,-269283882.65,-97.11,"Flop",3.66,0,"High","Fresh","8","2"
"142","1917","2019-12-12","2019","12","4","Universal","NBCUniversal (Comcast)","Drama","R","George MacKay","N/A","Sam Mendes","119",95000000,53038590.12,148038590.12,159000000,225000000,384000000,53708126.84,"4029","18",89,88,-1,false,false,true,235961409.88,159.39,"Blockbuster",2.96,58.59,"Mid","Fresh","2","0"
"147","Little Women","2019-12-21","2019","12","4","Sony","Sony Pictures Entertainment","Drama","PG","Timothée Chalamet","Saoirse Ronan","Greta Gerwig","135",40000000,24744977.68,64744977.68,108000000,110000000,218000000,19043664.94,"2997","16",95,92,-3,false,false,true,153255022.32,236.71,"Blockbuster",5.67,50.46,"Mid","Fresh","12","3"
"154","Uncut Gems","2019-12-25","2019","12","4","A24",,"Crime","R","Adam Sandler","Julia Fox","Josh Safdie","135",19000000,10130125.18,29130125.18,50000000,0,50000000,12896476,"2022","4",92,52,-40,false,false,true,20869874.82,71.64,"Profitable",3.88,0,"Low","Fresh","14","2"
"155","Bad Boys for Life","2020-01-14","2020","1","1","Sony","Sony Pictures Entertainment","Action","R","Will Smith","Vanessa Hudgens","Adil El Arbi","124",90000000,65162178.15,155162178.15,206000000,220000000,426000000,77039940.39,"3286","20",77,96,19,true,true,false,270837821.85,174.55,"Blockbuster",2.67,51.64,"Mid","Fresh","16","4"
"166","The Gentlemen","2020-01-25","2020","1","1","STX Entertainment","STX Entertainment","Action","R","Matthew McConaughey","Michelle Dockery","Guy Ritchie","113",22000000,14288128.65,36288128.65,36000000,79000000,115000000,4198178.12,"1923","9",75,88,13,false,false,true,78711871.35,216.91,"Blockbuster",8.58,68.7,"Low","Fresh","11","1"
"156","Sonic the Hedgehog","2020-02-03","2020","2","1","Paramount","Paramount Global","Action","PG","James Marsden","Tika Sumpter","Jeff Fowler","99",85000000,49248547.91,134248547.91,146000000,164000000,310000000,29998656.58,"4168","10",63,93,30,false,false,true,175751452.09,130.91,"Blockbuster",4.87,52.9,"Mid","Mixed","1","0"
"158","Birds of Prey","2020-02-11","2020","2","1","Warner Bros.","Warner Bros. Discovery","Action","R","Ewan McGregor","Margot Robbie","Cathy Yan","109",82000000,53254282.1,135254282.1,84000000,118000000,202000000,22383062.98,"3787","15",79,70,-9,true,true,false,66745717.9,49.35,"Profitable",3.75,58.42,"Mid","Fresh","11","2"
"160","The Invisible Man","2020-02-23","2020","2","1","Universal","NBCUniversal (Comcast)","Horror","R","Oliver Jackson-Cohen","Elisabeth Moss","Leigh Whannell","124",7000000,3751179.7,10751179.7,64000000,80000000,144000000,18404451.76,"1428","11",91,88,-3,false,false,true,133248820.3,1239.39,"Blockbuster",3.48,55.56,"Micro","Fresh","14","2"
"165","Bloodshot","2020-03-02","2020","3","1","Sony","Sony Pictures Entertainment","Action","PG-13","Vin Diesel","Eiza González","Dave Wilson","109",45000000,29824289.14,74824289.14,10000000,27000000,37000000,1950432.55,"2835","5",30,70,40,false,false,true,-37824289.14,-50.55,"Flop",5.13,72.97,"Mid","Rotten","0","0"
"161","Onward","2020-03-28","2020","3","1","Disney","The Walt Disney Company","Animation","PG","Tom Holland","Julia Louis-Dreyfus","Dan Scanlon","102",175000000,129791016.44,304791016.44,61000000,81000000,142000000,16604068.51,"4404","6",88,95,7,false,true,false,-162791016.44,-53.41,"Flop",3.67,57.04,"High","Fresh","9","5"
"170","Palm Springs","2020-07-25","2020","7","3","Neon",,"Comedy","R","Andy Samberg","Cristin Milioti","Max Barbakow","90",5000000,3287473.26,8287473.26,1000000,0,1000000,213732.05,"911","8",94,83,-11,false,false,true,-7287473.26,-87.93,"Flop",4.68,0,"Micro","Fresh","11","2"
"162","Mulan","2020-09-03","2020","9","3","Disney","The Walt Disney Company","Action","PG-13","Jet Li","Yifei Liu","Niki Caro","115",200000000,129261411.06,329261411.06,70000000,0,70000000,22034244.02,"3878","11",73,50,-23,false,true,false,-259261411.06,-78.74,"Flop",3.18,0,"Mega","Mixed","12","5"
"157","Tenet","2020-09-24","2020","9","3","Warner Bros.","Warner Bros. Discovery","Action","PG-13","John David Washington","Elizabeth Debicki","Christopher Nolan","150",200000000,155152924.03,355152924.03,58000000,307000000,365000000,22024953.77,"4392","15",69,76,7,false,true,false,9847075.97,2.77,"Profitable",2.63,84.11,"Mega","Mixed","0","0"
"169","The Trial of the Chicago 7","2020-10-14","2020","10","4","Netflix","Netflix Inc.","Drama","R","Eddie Redmayne","Kelsey Asbille","Aaron Sorkin","130",35000000,23944166.85,58944166.85,1000000,0,1000000,165479.86,"2643","5",90,89,-1,false,false,true,-57944166.85,-98.3,"Flop",6.04,0,"Low","Fresh","7","2"
"164","The Croods: A New Age","2020-11-09","2020","11","4","Universal","NBCUniversal (Comcast)","Animation","PG","Nicolas Cage","Emma Stone","Joel Crawford","95",65000000,36250965.33,101250965.33,58000000,157000000,215000000,20999714.47,"3043","10",77,94,17,true,true,false,113749034.67,112.34,"Blockbuster",2.76,73.02,"Mid","Fresh","17","2"
"163","Soul","2020-12-03","2020","12","4","Disney","The Walt Disney Company","Animation","PG","Jamie Foxx","Tina Fey","Pete Docter","100",150000000,105555522.66,255555522.66,0,121000000,121000000,0,"4093","14",95,88,-7,false,true,false,-134555522.66,-52.65,"Flop",0,100,"High","Fresh","15","1"
"168","Nomadland","2020-12-05","2020","12","4","Searchlight","The Walt Disney Company","Drama","R","David Strathairn","Frances McDormand","Chloé Zhao","108",5000000,3055159.54,8055159.54,4000000,35000000,39000000,435523.14,"941","7",93,72,-21,false,false,true,30944840.46,384.16,"Blockbuster",9.18,89.74,"Micro","Fresh","8","2"
"159","Wonder Woman 1984","2020-12-19","2020","12","4","Warner Bros.","Warner Bros. Discovery","Action","PG-13","Pedro Pascal","Gal Gadot","Patty Jenkins","151",200000000,167752707.25,367752707.25,46000000,124000000,170000000,15461858.05,"3981","6",58,73,15,true,true,false,-197752707.25,-53.77,"Flop",2.98,72.94,"Mega","Mixed","1","1"
"167","Promising Young Woman","2020-12-26","2020","12","4","Focus Features","NBCUniversal (Comcast)","Crime","R","Bo Burnham","Carey Mulligan","Emerald Fennell","113",10000000,6253349.37,16253349.37,7000000,12000000,19000000,1543102.76,"439","6",90,72,-18,false,false,true,2746650.63,16.9,"Profitable",4.54,63.16,"Low","Fresh","11","1"
"178","Godzilla vs. Kong","2021-03-16","2021","3","1","Warner Bros.","Warner Bros. Discovery","Action","PG-13","Alexander Skarsgård","Rebecca Hall","Adam Wingard","113",160000000,118048010.97,278048010.97,100000000,370000000,470000000,32963052.63,"3888","20",75,91,16,true,true,false,191951989.03,69.04,"Profitable",3.03,78.72,"High","Fresh","0","0"
"184","A Quiet Place Part II","2021-05-04","2021","5","2","Paramount","Paramount Global","Horror","PG-13","Cillian Murphy","Emily Blunt","John Krasinski","97",55000000,40705826.92,95705826.92,160000000,137000000,297000000,33817228.46,"2939","10",91,91,0,true,true,false,201294173.08,210.33,"Blockbuster",4.73,46.13,"Mid","Fresh","16","3"
"194","Cruella","2021-05-07","2021","5","2","Disney","The Walt Disney Company","Comedy","PG-13","Joel Fry","Emma Stone","Craig Gillespie","134",100000000,54854841.05,154854841.05,86000000,148000000,234000000,16281218.61,"3244","14",74,97,23,false,false,true,79145158.95,51.11,"Profitable",5.28,63.25,"High","Mixed","0","0"
"174","F9","2021-06-24","2021","6","2","Universal","NBCUniversal (Comcast)","Action","PG-13","Vin Diesel","Michelle Rodriguez","Justin Lin","143",200000000,139414649.8,339414649.8,173000000,553000000,726000000,66028261.23,"4178","28",59,82,23,true,true,false,386585350.2,113.9,"Blockbuster",2.62,76.17,"Mega","Mixed","0","0"
"193","Luca","2021-06-26","2021","6","2","Disney","The Walt Disney Company","Animation","PG","Jacob Tremblay","Emma Berman","Enrico Casarosa","95",50000000,27552761.11,77552761.11,0,50000000,50000000,0,"3259","5",91,86,-5,false,false,true,-27552761.11,-35.53,"Underperformer",0,100,"Mid","Fresh","9","5"
"176","Black Widow","2021-07-09","2021","7","3","Disney","The Walt Disney Company","Action","PG-13","David Harbour","Scarlett Johansson","Cate Shortland","134",200000000,134166262.57,334166262.57,184000000,195000000,379000000,56074417.13,"4378","18",79,91,12,false,true,false,44833737.43,13.42,"Profitable",3.28,51.45,"Mega","Fresh","0","0"
"181","Jungle Cruise","2021-07-14","2021","7","3","Disney","The Walt Disney Company","Action","PG-13","Dwayne Johnson","Emily Blunt","Jaume Collet-Serra","127",200000000,140035050.67,340035050.67,117000000,103000000,220000000,36288223.89,"4449","19",63,72,9,false,true,false,-120035050.67,-35.3,"Underperformer",3.22,46.82,"Mega","Mixed","0","0"
"188","CODA","2021-08-02","2021","8","3","Apple TV+","Apple Inc.","Drama","PG-13","Troy Kotsur","Emilia Jones","Sian Heder","111",10000000,5823988.37,15823988.37,1000000,1000000,2000000,199251.54,"807","7",94,91,-3,false,false,true,-13823988.37,-87.36,"Flop",5.02,50,"Low","Fresh","7","0"
"183","The Suicide Squad","2021-08-03","2021","8","3","Warner Bros.","Warner Bros. Discovery","Action","R","John Cena","Margot Robbie","James Gunn","132",185000000,144621039.47,329621039.47,56000000,112000000,168000000,17214660.16,"3970","11",90,82,-8,true,true,false,-161621039.47,-49.03,"Underperformer",3.25,66.67,"High","Fresh","14","3"
"180","Free Guy","2021-08-08","2021","8","3","20th Century Studios","The Walt Disney Company","Action","PG-13","Ryan Reynolds","Jodie Comer","Shawn Levy","115",100000000,68179166.2,168179166.2,121000000,210000000,331000000,24266079.38,"3725","17",80,94,14,false,false,true,162820833.8,96.81,"Profitable",4.99,63.44,"High","Fresh","1","0"
"173","Shang-Chi and the Legend of the Ten Rings","2021-09-13","2021","9","3","Disney","The Walt Disney Company","Action","PG-13","Simu Liu","Awkwafina","Destin Daniel Cretton","132",150000000,110793685.2,260793685.2,224000000,208000000,432000000,48504819.86,"3096","13",91,98,7,false,true,false,171206314.8,65.65,"Profitable",4.62,48.15,"High","Fresh","14","3"
"172","No Time to Die","2021-10-05","2021","10","4","Universal","NBCUniversal (Comcast)","Action","PG-13","Daniel Craig","Lea Seydoux","Cary Joji Fukunaga","163",250000000,159385815.47,409385815.47,160000000,614000000,774000000,58006866.48,"3926","19",83,88,5,true,true,false,364614184.53,89.06,"Profitable",2.76,79.33,"Mega","Fresh","14","3"
"177","Venom: Let There Be Carnage","2021-10-12","2021","10","4","Sony","Sony Pictures Entertainment","Action","PG-13","Tom Hardy","Michelle Williams","Andy Serkis","97",110000000,64573457.14,174573457.14,213000000,289000000,502000000,58860831.54,"3331","19",57,84,27,true,true,false,327426542.86,187.56,"Blockbuster",3.62,57.57,"High","Mixed","0","0"
"192","The French Dispatch","2021-10-13","2021","10","4","Searchlight","The Walt Disney Company","Comedy","R","Benicio del Toro","Tilda Swinton","Wes Anderson","107",25000000,16993887.68,41993887.68,16000000,30000000,46000000,4799734.36,"1242","8",74,67,-7,false,false,true,4006112.32,9.54,"Profitable",3.33,65.22,"Low","Mixed","0","0"
"179","Dune","2021-10-23","2021","10","4","Warner Bros.","Warner Bros. Discovery","Sci-Fi","PG-13","Timothée Chalamet","Zendaya","Denis Villeneuve","155",165000000,100796996.83,265796996.83,108000000,294000000,402000000,29593885.3,"4149","14",83,90,7,false,true,false,136203003.17,51.24,"Profitable",3.65,73.13,"High","Fresh","11","1"
"175","Eternals","2021-11-03","2021","11","4","Disney","The Walt Disney Company","Action","PG-13","Richard Madden","Gemma Chan","Chloé Zhao","157",200000000,121720754.04,321720754.04,164000000,238000000,402000000,50053588.22,"4420","13",47,78,31,false,true,false,80279245.96,24.95,"Profitable",3.28,59.2,"Mega","Rotten","0","0"
"182","Encanto","2021-11-04","2021","11","4","Disney","The Walt Disney Company","Animation","PG","John Leguizamo","Stephanie Beatriz","Jared Bush","102",120000000,72828240.18,192828240.18,96000000,161000000,257000000,29325589.71,"3940","13",91,93,2,false,true,false,64171759.82,33.28,"Profitable",3.27,62.65,"High","Fresh","19","4"
"189","Licorice Pizza","2021-11-13","2021","11","4","Universal","NBCUniversal (Comcast)","Comedy","R","Cooper Hoffman","Alana Haim","Paul Thomas Anderson","133",40000000,23232333.68,63232333.68,17000000,16000000,33000000,2570213.47,"3000","9",91,68,-23,false,false,true,-30232333.68,-47.81,"Underperformer",6.61,48.48,"Mid","Fresh","13","2"
"187","Ghostbusters: Afterlife","2021-11-19","2021","11","4","Sony","Sony Pictures Entertainment","Adventure","PG-13","Finn Wolfhard","McKenna Grace","Jason Reitman","124",75000000,48584015.91,123584015.91,129000000,75000000,204000000,28392253.62,"2798","14",63,89,26,true,true,false,80415984.09,65.07,"Profitable",4.54,36.76,"Mid","Mixed","0","0"
"190","The Power of the Dog","2021-11-19","2021","11","4","Netflix","Netflix Inc.","Drama","R","Benedict Cumberbatch","Kirsten Dunst","Jane Campion","126",39000000,19787646.5,58787646.5,0,0,0,0,"2773","9",94,60,-34,false,false,true,-58787646.5,-100,"Flop",0,0,"Low","Fresh","5","1"
"185","The Matrix Resurrections","2021-12-01","2021","12","4","Warner Bros.","Warner Bros. Discovery","Action","R","Keanu Reeves","Carrie-Anne Moss","Lana Wachowski","148",190000000,121901328.46,311901328.46,37000000,120000000,157000000,16241886.8,"3827","11",63,64,1,true,true,false,-154901328.46,-49.66,"Underperformer",2.28,76.43,"High","Mixed","0","0"
"186","West Side Story","2021-12-01","2021","12","4","Disney","The Walt Disney Company","Drama","PG-13","Ansel Elgort","Rachel Zegler","Steven Spielberg","156",100000000,70585277.02,170585277.02,38000000,38000000,76000000,11837692.91,"3621","11",92,94,2,false,false,true,-94585277.02,-55.45,"Flop",3.21,50,"High","Fresh","13","3"
"191","Don't Look Up","2021-12-02","2021","12","4","Netflix","Netflix Inc.","Comedy","R","Leonardo DiCaprio","Jennifer Lawrence","Adam McKay","138",75000000,46789475.9,121789475.9,1000000,0,1000000,295047.88,"2484","6",56,77,21,false,false,true,-120789475.9,-99.18,"Flop",3.39,0,"Mid","Mixed","0","0"
"195","Sing 2","2021-12-07","2021","12","4","Universal","NBCUniversal (Comcast)","Animation","PG","Matthew McConaughey","Reese Witherspoon","Garth Jennings","110",85000000,62871122.1,147871122.1,162000000,246000000,408000000,55754454.88,"4162","10",70,89,19,true,true,false,260128877.9,175.92,"Blockbuster",2.91,60.29,"Mid","Mixed","4","0"
"171","Spider-Man: No Way Home","2021-12-10","2021","12","4","Sony","Sony Pictures Entertainment","Action","PG-13","Tom Holland","Zendaya","Jon Watts","148",200000000,142844356.38,342844356.38,805000000,1111000000,1916000000,320171613.25,"4235","23",93,98,5,true,true,false,1573155643.62,458.85,"Blockbuster",2.51,57.99,"Mega","Fresh","14","4"
"211","Uncharted","2022-02-14","2022","2","1","Sony","Sony Pictures Entertainment","Action","PG-13","Tom Holland","Sophia Ali","Ruben Fleischer","116",120000000,84700591.16,204700591.16,149000000,252000000,401000000,32212418.73,"4094","15",40,90,50,false,true,false,196299408.84,95.9,"Profitable",4.63,62.84,"High","Rotten","0","0"
"205","Everything Everywhere All at Once","2022-03-16","2022","3","1","A24",,"Action","R","Ke Huy Quan","Michelle Yeoh","Daniel Kwan","139",25000000,16369296.87,41369296.87,73000000,70000000,143000000,21288570.99,"2479","9",94,81,-13,false,false,true,101630703.13,245.67,"Blockbuster",3.43,48.95,"Low","Fresh","8","1"
"201","The Batman","2022-03-20","2022","3","1","Warner Bros.","Warner Bros. Discovery","Action","PG-13","Robert Pattinson","Zoë Kravitz","Matt Reeves","176",185000000,151721569.97,336721569.97,369000000,403000000,772000000,146401614.1,"3957","19",85,87,2,false,true,false,435278430.03,129.27,"Blockbuster",2.52,52.2,"High","Fresh","14","2"
"209","The Lost City","2022-03-28","2022","3","1","Paramount","Paramount Global","Action","PG-13","Channing Tatum","Sandra Bullock","Aaron Nee","112",68000000,43953280.32,111953280.32,105000000,85000000,190000000,19170136.4,"2622","10",79,74,-5,false,false,true,78046719.68,69.71,"Profitable",5.48,44.74,"Mid","Fresh","15","5"
"204","Sonic the Hedgehog 2","2022-04-05","2022","4","2","Paramount","Paramount Global","Action","PG","James Marsden","Tika Sumpter","Jeff Fowler","122",90000000,59393916.08,149393916.08,190000000,215000000,405000000,66399818.56,"3581","11",69,93,24,true,true,false,255606083.92,171.1,"Blockbuster",2.86,53.09,"Mid","Mixed","0","0"
"198","Doctor Strange in the Multiverse of Madness","2022-05-09","2022","5","2","Disney","The Walt Disney Company","Action","PG-13","Benedict Cumberbatch","Elizabeth Olsen","Sam Raimi","126",200000000,131852978.09,331852978.09,411000000,545000000,956000000,173840665.81,"4558","19",74,73,-1,true,true,false,624147021.91,188.08,"Blockbuster",2.36,57.01,"Mega","Mixed","0","0"
"196","Top Gun: Maverick","2022-05-11","2022","5","2","Paramount","Paramount Global","Action","PG-13","Tom Cruise","Jennifer Connelly","Joseph Kosinski","130",170000000,126786718.92,296786718.92,719000000,777000000,1496000000,294260404.21,"4085","18",96,99,3,true,true,false,1199213281.08,404.07,"Blockbuster",2.44,51.94,"High","Fresh","11","1"
"219","Lightyear","2022-06-14","2022","6","2","Disney","The Walt Disney Company","Animation","PG","Chris Evans","Keke Palmer","Angus MacLane","105",200000000,142429409.64,342429409.64,118000000,108000000,226000000,47883530.31,"4186","12",74,53,-21,true,true,false,-116429409.64,-34,"Underperformer",2.46,47.79,"Mega","Mixed","5","2"
"200","Jurassic World Dominion","2022-06-18","2022","6","2","Universal","NBCUniversal (Comcast)","Action","PG-13","Chris Pratt","Bryce Dallas Howard","Colin Trevorrow","147",165000000,101341251.37,266341251.37,376000000,625000000,1001000000,160592224.47,"4309","24",29,77,48,true,true,false,734658748.63,275.83,"Blockbuster",2.34,62.44,"High","Rotten","0","0"
"208","Elvis","2022-06-26","2022","6","2","Warner Bros.","Warner Bros. Discovery","Drama","PG-13","Austin Butler","Olivia DeJonge","Baz Luhrmann","159",85000000,45178828.52,130178828.52,151000000,137000000,288000000,43604365.36,"3464","12",78,94,16,false,false,true,157821171.48,121.23,"Blockbuster",3.46,47.57,"Mid","Fresh","1","0"
"203","Minions: The Rise of Gru","2022-07-03","2022","7","3","Universal","NBCUniversal (Comcast)","Animation","PG","Steve Carell","Michelle Yeoh","Kyle Balda","87",80000000,48194476.33,128194476.33,370000000,569000000,939000000,121651131.84,"2809","18",70,69,-1,true,true,false,810805523.67,632.48,"Blockbuster",3.04,60.6,"Mid","Mixed","5","2"
"202","Thor: Love and Thunder","2022-07-10","2022","7","3","Disney","The Walt Disney Company","Action","PG-13","Chris Hemsworth","Natalie Portman","Taika Waititi","119",250000000,195072615.85,445072615.85,343000000,418000000,761000000,147289025.35,"4430","26",64,77,13,true,true,false,315927384.15,70.98,"Profitable",2.33,54.93,"Mega","Mixed","0","0"
"212","Where the Crawdads Sing","2022-07-15","2022","7","3","Sony","Sony Pictures Entertainment","Drama","PG-13","Taylor John Smith","Daisy Edgar-Jones","Olivia Newman","125",24000000,14109152.31,38109152.31,90000000,52000000,142000000,24581491.29,"1584","14",34,97,63,false,false,true,103890847.69,272.61,"Blockbuster",3.66,36.62,"Low","Rotten","0","0"
"206","Nope","2022-07-22","2022","7","3","Universal","NBCUniversal (Comcast)","Horror","R","Daniel Kaluuya","Keke Palmer","Jordan Peele","130",68000000,35542460.2,103542460.2,123000000,49000000,172000000,29906173.66,"2080","8",83,69,-14,false,false,true,68457539.8,66.12,"Profitable",4.11,28.49,"Mid","Fresh","15","4"
"207","Bullet Train","2022-08-01","2022","8","3","Sony","Sony Pictures Entertainment","Action","R","Brad Pitt","Joey King","David Leitch","126",90000000,60582677.12,150582677.12,103000000,136000000,239000000,20538287.98,"3375","17",54,76,22,false,false,true,88417322.88,58.72,"Profitable",5.02,56.9,"Mid","Mixed","0","0"
"216","Barbarian","2022-09-03","2022","9","3","20th Century Studios","The Walt Disney Company","Horror","R","Bill Skarsgård","Georgina Campbell","Zach Cregger","102",5000000,3071402.61,8071402.61,45000000,4000000,49000000,4986153.9,"852","6",92,75,-17,false,false,true,40928597.39,507.08,"Blockbuster",9.02,8.16,"Micro","Fresh","11","3"
"222","Don't Worry Darling","2022-09-06","2022","9","3","Warner Bros.","Warner Bros. Discovery","Drama","R","Harry Styles","Florence Pugh","Olivia Wilde","123",35000000,18211498.64,53211498.64,67000000,20000000,87000000,14088139.63,"3244","14",39,67,28,false,false,true,33788501.36,63.5,"Profitable",4.76,22.99,"Low","Rotten","0","0"
"218","Smile","2022-09-07","2022","9","3","Paramount","Paramount Global","Horror","R","Kyle Gallner","Sosie Bacon","Parker Finn","115",17000000,8705678.85,25705678.85,106000000,111000000,217000000,25110836.93,"2074","17",79,76,-3,false,false,true,191294321.15,744.17,"Blockbuster",4.22,51.15,"Low","Fresh","0","0"
"221","Tár","2022-10-21","2022","10","4","Focus Features","NBCUniversal (Comcast)","Drama","R","Mark Strong","Cate Blanchett","Todd Field","158",35000000,24093473.72,59093473.72,21000000,26000000,47000000,5805946.28,"2694","9",90,52,-38,false,false,true,-12093473.72,-20.46,"Underperformer",3.62,55.32,"Low","Fresh","8","0"
"220","Amsterdam","2022-10-23","2022","10","4","20th Century Studios","The Walt Disney Company","Comedy","R","Christian Bale","Margot Robbie","David O. Russell","134",80000000,57742903.12,137742903.12,15000000,16000000,31000000,3849697.94,"2040","9",33,53,20,false,false,true,-106742903.12,-77.49,"Flop",3.9,51.61,"Mid","Rotten","0","0"
"217","The Banshees of Inisherin","2022-10-27","2022","10","4","Searchlight","The Walt Disney Company","Comedy","R","Colin Farrell","Kerry Condon","Martin McDonagh","114",20000000,12477913.01,32477913.01,11000000,40000000,51000000,2350417.47,"2247","9",97,74,-23,false,false,true,18522086.99,57.03,"Profitable",4.68,78.43,"Low","Fresh","12","2"
"214","Glass Onion: A Knives Out Mystery","2022-11-09","2022","11","4","Netflix","Netflix Inc.","Comedy","PG-13","Daniel Craig","Janelle Monáe","Rian Johnson","139",40000000,27062880.85,67062880.85,14000000,0,14000000,3284987.28,"3097","6",93,82,-11,true,true,false,-53062880.85,-79.12,"Flop",4.26,0,"Mid","Fresh","15","3"
"197","Black Panther: Wakanda Forever","2022-11-13","2022","11","4","Disney","The Walt Disney Company","Action","PG-13","Tenoch Huerta","Letitia Wright","Ryan Coogler","161",250000000,178957373.63,428957373.63,453000000,407000000,860000000,167353160.31,"3938","23",84,94,10,true,true,false,431042626.37,100.49,"Blockbuster",2.71,47.33,"Mega","Fresh","12","4"
"213","The Menu","2022-11-15","2022","11","4","Searchlight","The Walt Disney Company","Comedy","R","Ralph Fiennes","Anya Taylor-Joy","Mark Mylod","107",30000000,20054596.16,50054596.16,39000000,41000000,80000000,9398580.73,"2122","14",88,71,-17,false,false,true,29945403.84,59.83,"Profitable",4.15,51.25,"Low","Fresh","12","2"
"199","Avatar: The Way of Water","2022-12-06","2022","12","4","20th Century Studios","The Walt Disney Company","Sci-Fi","PG-13","Sam Worthington","Zoe Saldana","James Cameron","192",350000000,211167806.85,561167806.85,684000000,1636000000,2320000000,246629394.64,"4392","19",77,92,15,true,true,false,1758832193.15,313.42,"Blockbuster",2.77,70.52,"Mega","Fresh","0","0"
"210","Puss in Boots: The Last Wish","2022-12-22","2022","12","4","Universal","NBCUniversal (Comcast)","Animation","PG","Antonio Banderas","Salma Hayek","Joel Crawford","102",90000000,61082575.06,151082575.06,185000000,299000000,484000000,71925504.52,"4068","17",95,93,-2,true,true,false,332917424.94,220.35,"Blockbuster",2.57,61.78,"Mid","Fresh","18","3"
"215","The Whale","2022-12-27","2022","12","4","A24",,"Drama","R","Brendan Fraser","Sadie Sink","Darren Aronofsky","117",3000000,1838031.65,4838031.65,17000000,32000000,49000000,2489805.9,"859","8",64,79,15,false,false,true,44161968.35,912.81,"Blockbuster",6.83,65.31,"Micro","Mixed","0","0"
"233","Ant-Man and the Wasp: Quantumania","2023-02-06","2023","2","1","Disney","The Walt Disney Company","Action","PG-13","Paul Rudd","Evangeline Lilly","Peyton Reed","125",200000000,163999390.52,363999390.52,214000000,262000000,476000000,101190416.88,"3884","20",46,83,37,true,true,false,112000609.48,30.77,"Profitable",2.11,55.04,"Mega","Rotten","0","0"
"239","Scream VI","2023-03-13","2023","3","1","Paramount","Paramount Global","Horror","R","Jack Champion","Jenna Ortega","Matt Bettinelli-Olpin","122",35000000,20389218.76,55389218.76,108000000,62000000,170000000,35842238.24,"2086","12",76,78,2,true,true,false,114610781.24,206.92,"Blockbuster",3.01,36.47,"Low","Fresh","0","0"
"238","Creed III","2023-03-23","2023","3","1","Amazon MGM","Amazon.com Inc.","Drama","PG-13","Michael B. Jordan","Tessa Thompson","Michael B. Jordan","116",75000000,42246181.78,117246181.78,157000000,119000000,276000000,46168765.06,"3036","19",89,93,4,true,true,false,158753818.22,135.4,"Blockbuster",3.4,43.12,"Mid","Fresh","13","2"
"230","John Wick: Chapter 4","2023-03-24","2023","3","1","Lionsgate","Lionsgate Entertainment","Action","R","Keanu Reeves","Rina Sawayama","Chad Stahelski","169",100000000,69559153.84,169559153.84,187000000,253000000,440000000,64171915.54,"3805","20",94,93,-1,true,true,false,270440846.16,159.5,"Blockbuster",2.91,57.5,"High","Fresh","11","1"
"224","The Super Mario Bros. Movie","2023-04-15","2023","4","2","Universal","NBCUniversal (Comcast)","Animation","PG","Chris Pratt","Anya Taylor-Joy","Aaron Horvath","92",100000000,51861784.56,151861784.56,574000000,788000000,1362000000,134556482.28,"3471","24",59,95,36,false,false,true,1210138215.44,796.87,"Blockbuster",4.27,57.86,"High","Mixed","1","1"
"226","Guardians of the Galaxy Vol. 3","2023-05-01","2023","5","2","Disney","The Walt Disney Company","Action","PG-13","Chris Pratt","Zoe Saldana","James Gunn","150",250000000,168981145.25,418981145.25,359000000,486000000,845000000,167978378.04,"4191","28",82,94,12,true,true,false,426018854.75,101.68,"Blockbuster",2.14,57.51,"Mega","Fresh","0","0"
"228","The Little Mermaid","2023-05-06","2023","5","2","Disney","The Walt Disney Company","Fantasy","PG","Jonah Hauer-King","Halle Bailey","Rob Marshall","135",250000000,205000498.37,455000498.37,298000000,271000000,569000000,88970121.92,"4550","21",66,70,4,false,false,true,113999501.63,25.05,"Profitable",3.35,47.63,"Mega","Mixed","0","0"
"246","The Flash","2023-06-07","2023","6","2","Warner Bros.","Warner Bros. Discovery","Action","PG-13","Ezra Miller","Sasha Calle","Andy Muschietti","144",200000000,131195731.89,331195731.89,108000000,163000000,271000000,38253077.13,"4433","11",63,83,20,true,true,false,-60195731.89,-18.18,"Underperformer",2.82,60.15,"Mega","Mixed","0","0"
"227","Spider-Man: Across the Spider-Verse","2023-06-20","2023","6","2","Sony","Sony Pictures Entertainment","Animation","PG","Shameik Moore","Hailee Steinfeld","Joaquim Dos Santos","140",100000000,56345233.76,156345233.76,381000000,310000000,691000000,105540621.26,"3743","18",95,94,-1,true,true,false,534654766.24,341.97,"Blockbuster",3.61,44.86,"High","Fresh","16","2"
"232","Indiana Jones and the Dial of Destiny","2023-06-21","2023","6","2","Disney","The Walt Disney Company","Action","PG-13","Harrison Ford","Phoebe Waller-Bridge","James Mangold","154",295000000,181111675.1,476111675.1,174000000,210000000,384000000,65581989.11,"4468","17",69,53,-16,true,true,false,-92111675.1,-19.35,"Underperformer",2.65,54.69,"Mega","Mixed","0","0"
"242","Past Lives","2023-06-23","2023","6","2","A24",,"Drama","PG-13","Teo Yoo","Greta Lee","Celine Song","106",12000000,8423457.64,20423457.64,22000000,5000000,27000000,4326493.55,"2059","6",96,88,-8,false,false,true,6576542.36,32.2,"Profitable",5.08,18.52,"Low","Fresh","15","4"
"231","Elemental","2023-06-27","2023","6","2","Disney","The Walt Disney Company","Animation","PG","Mamoudou Athie","Leah Lewis","Peter Sohn","101",200000000,166892789.43,366892789.43,154000000,342000000,496000000,49095619.2,"3804","13",74,90,16,false,true,false,129107210.57,35.19,"Profitable",3.14,68.95,"Mega","Mixed","1","0"
"229","Mission: Impossible - Dead Reckoning Part One","2023-07-11","2023","7","3","Paramount","Paramount Global","Action","PG-13","Tom Cruise","Hayley Atwell","Christopher McQuarrie","163",291000000,237866085.8,528866085.8,172000000,399000000,571000000,52007552.94,"4317","22",96,85,-11,true,true,false,42133914.2,7.97,"Profitable",3.31,69.88,"Mega","Fresh","12","0"
"223","Barbie","2023-07-14","2023","7","3","Warner Bros.","Warner Bros. Discovery","Comedy","PG-13","Ryan Gosling","Margot Robbie","Greta Gerwig","114",145000000,74745573.07,219745573.07,636000000,806000000,1442000000,118042297.49,"3849","24",88,83,-5,false,false,true,1222254426.93,556.21,"Blockbuster",5.39,55.89,"High","Fresh","16","6"
"225","Oppenheimer","2023-07-27","2023","7","3","Universal","NBCUniversal (Comcast)","Drama","R","Cillian Murphy","Emily Blunt","Christopher Nolan","180",100000000,66002704.04,166002704.04,326000000,627000000,953000000,65929780.88,"3404","16",93,91,-2,false,false,true,786997295.96,474.09,"Blockbuster",4.94,65.79,"High","Fresh","14","4"
"237","Sound of Freedom","2023-07-28","2023","7","3","Angel Studios",,"Action","PG-13","Jim Caviezel","Mira Sorvino","Alejandro Monteverde","131",15000000,7910395.27,22910395.27,184000000,66000000,250000000,41762689.55,"1841","19",57,99,42,false,false,true,227089604.73,991.21,"Blockbuster",4.41,26.4,"Low","Mixed","0","0"
"247","Meg 2: The Trench","2023-08-04","2023","8","3","Warner Bros.","Warner Bros. Discovery","Action","PG-13","Jason Statham","Jing Wu","Ben Wheatley","116",129000000,65656544.64,194656544.64,82000000,315000000,397000000,19564672.99,"3118","18",28,46,18,true,true,false,202343455.36,103.95,"Blockbuster",4.19,79.35,"High","Rotten","0","0"
"245","Teenage Mutant Ninja Turtles: Mutant Mayhem","2023-08-05","2023","8","3","Paramount","Paramount Global","Animation","PG","Micah Abbey","Ayo Edebiri","Jeff Rowe","99",70000000,40614412.94,110614412.94,119000000,61000000,180000000,24944606.95,"2120","11",96,89,-7,true,true,false,69385587.06,62.73,"Profitable",4.77,33.89,"Mid","Fresh","14","3"
"236","Killers of the Flower Moon","2023-10-14","2023","10","4","Paramount","Paramount Global","Crime","R","Leonardo DiCaprio","Lily Gladstone","Martin Scorsese","206",200000000,154380760.65,354380760.65,67000000,90000000,157000000,21444735.73,"3857","13",93,82,-11,false,false,true,-197380760.65,-55.7,"Flop",3.12,57.32,"Mega","Fresh","13","4"
"241","The Holdovers","2023-10-21","2023","10","4","Focus Features","NBCUniversal (Comcast)","Comedy","R","Paul Giamatti","Da'Vine Joy Randolph","Alexander Payne","133",12000000,8775278.7,20775278.7,26000000,18000000,44000000,4092494.1,"2092","10",96,90,-6,false,false,true,23224721.3,111.79,"Blockbuster",6.35,40.91,"Low","Fresh","11","2"
"243","Anatomy of a Fall","2023-10-21","2023","10","4","Neon",,"Drama","R","Swann Arlaud","Sandra Hüller","Justine Triet","152",7000000,4455929.98,11455929.98,10000000,44000000,54000000,1685174.98,"1081","7",96,81,-15,false,false,true,42544070.02,371.37,"Blockbuster",5.93,81.48,"Micro","Fresh","14","1"
"248","Wish","2023-11-19","2023","11","4","Disney","The Walt Disney Company","Animation","PG","Chris Pine","Ariana DeBose","Chris Buck","95",200000000,124896991.38,324896991.38,108000000,147000000,255000000,39751156.45,"3938","16",48,51,3,false,true,false,-69896991.38,-21.51,"Underperformer",2.72,57.65,"Mega","Rotten","1","0"
"235","The Hunger Games: The Ballad of Songbirds & Snakes","2023-11-26","2023","11","4","Lionsgate","Lionsgate Entertainment","Action","PG-13","Tom Blyth","Rachel Zegler","Francis Lawrence","157",100000000,62594191.12,162594191.12,164000000,173000000,337000000,32272390.03,"3132","20",63,60,-3,true,true,false,174405808.88,107.26,"Blockbuster",5.08,51.34,"High","Mixed","0","0"
"234","Wonka","2023-12-05","2023","12","4","Warner Bros.","Warner Bros. Discovery","Adventure","PG","Timothée Chalamet","Calah Lane","Paul King","116",125000000,81832537.09,206832537.09,219000000,416000000,635000000,49156989.58,"3483","19",83,90,7,false,false,true,428167462.91,207.01,"Blockbuster",4.46,65.51,"High","Fresh","0","0"
"240","Poor Things","2023-12-25","2023","12","4","Searchlight","The Walt Disney Company","Comedy","R","Mark Ruffalo","Emma Stone","Yorgos Lanthimos","141",35000000,19906924.67,54906924.67,35000000,83000000,118000000,9077295.37,"2094","13",92,76,-16,false,false,true,63093075.33,114.91,"Blockbuster",3.86,70.34,"Low","Fresh","12","3"
"244","Maestro","2023-12-27","2023","12","4","Netflix","Netflix Inc.","Drama","R","Bradley Cooper","Carey Mulligan","Bradley Cooper","129",80000000,48970590.22,128970590.22,1000000,0,1000000,182486.39,"2546","4",80,60,-20,false,false,true,-127970590.22,-99.22,"Flop",5.48,0,"Mid","Fresh","1","0"
"273","The Beekeeper","2024-01-09","2024","1","1","Amazon MGM","Amazon.com Inc.","Action","R","Jason Statham","Emmy Raver-Lampman","David Ayer","105",40000000,24596307.05,64596307.05,66000000,86000000,152000000,12660960.63,"2974","11",70,92,22,false,false,true,87403692.95,135.31,"Blockbuster",5.21,56.58,"Mid","Mixed","0","0"
"281","Mean Girls","2024-01-18","2024","1","1","Paramount","Paramount Global","Comedy","PG-13","Christopher Briney","Angourie Rice","Samantha Jayne","112",36000000,23159459.98,59159459.98,118000000,69000000,187000000,28499207.04,"3397","6",71,57,-14,false,false,true,127840540.02,216.09,"Blockbuster",4.14,36.9,"Low","Mixed","0","0"
"268","Bob Marley: One Love","2024-02-07","2024","2","1","Paramount","Paramount Global","Drama","PG-13","Kingsley Ben-Adir","Lashana Lynch","Reinaldo Marcus Green","107",70000000,46645513.65,116645513.65,97000000,82000000,179000000,20019610.11,"2132","8",43,91,48,false,false,true,62354486.35,53.46,"Profitable",4.85,45.81,"Mid","Rotten","0","0"
"256","Kung Fu Panda 4","2024-03-04","2024","3","1","Universal","NBCUniversal (Comcast)","Animation","PG","Jack Black","Awkwafina","Mike Mitchell","94",85000000,47424385.52,132424385.52,194000000,354000000,548000000,66543925.89,"4143","28",71,71,0,true,true,false,415575614.48,313.82,"Blockbuster",2.92,64.6,"Mid","Mixed","0","0"
"255","Godzilla x Kong: The New Empire","2024-03-10","2024","3","1","Warner Bros.","Warner Bros. Discovery","Action","PG-13","Dan Stevens","Rebecca Hall","Adam Wingard","115",135000000,72970861.76,207970861.76,196000000,376000000,572000000,57420060.13,"3816","28",54,71,17,true,true,false,364029138.24,175.04,"Blockbuster",3.41,65.73,"High","Mixed","0","0"
"280","Ghostbusters: Frozen Empire","2024-03-17","2024","3","1","Sony","Sony Pictures Entertainment","Adventure","PG-13","Paul Rudd","Carrie Coon","Gil Kenan","115",100000000,54508803.57,154508803.57,115000000,87000000,202000000,23006660.62,"3183","15",42,70,28,true,true,false,47491196.43,30.74,"Profitable",5,43.07,"High","Rotten","0","0"
"254","Dune: Part Two","2024-03-20","2024","3","1","Warner Bros.","Warner Bros. Discovery","Sci-Fi","PG-13","Timothée Chalamet","Zendaya","Denis Villeneuve","166",190000000,139325767.23,329325767.23,282000000,432000000,714000000,119810157.6,"4450","23",92,95,3,true,true,false,384674232.77,116.81,"Blockbuster",2.35,60.5,"High","Fresh","0","0"
"272","Civil War","2024-04-09","2024","4","2","A24",,"Action","R","Wagner Moura","Kirsten Dunst","Alex Garland","109",50000000,26911369.53,76911369.53,69000000,53000000,122000000,8087950.97,"3471","9",82,66,-16,false,false,true,45088630.47,58.62,"Profitable",8.53,43.44,"Mid","Fresh","0","0"
"284","Abigail","2024-04-19","2024","4","2","Universal","NBCUniversal (Comcast)","Horror","R","Dan Stevens","Melissa Barrera","Matt Bettinelli-Olpin","109",28000000,18149049.11,46149049.11,24000000,27000000,51000000,6215801.34,"2057","10",82,76,-6,false,false,true,4850950.89,10.51,"Profitable",3.86,52.94,"Low","Fresh","0","0"
"276","Challengers","2024-04-20","2024","4","2","Amazon MGM","Amazon.com Inc.","Drama","R","Josh O'Connor","Zendaya","Luca Guadagnino","131",55000000,29408446.48,84408446.48,48000000,47000000,95000000,11504777.83,"3138","14",88,78,-10,false,false,true,10591553.52,12.55,"Profitable",4.17,49.47,"Mid","Fresh","0","0"
"267","The Fall Guy","2024-05-06","2024","5","2","Universal","NBCUniversal (Comcast)","Action","PG-13","Ryan Gosling","Emily Blunt","David Leitch","126",125000000,81790119.71,206790119.71,91000000,82000000,173000000,21955496.56,"4083","7",82,88,6,false,true,false,-33790119.71,-16.34,"Underperformer",4.14,47.4,"High","Fresh","0","0"
"266","Furiosa: A Mad Max Saga","2024-05-11","2024","5","2","Warner Bros.","Warner Bros. Discovery","Action","R","Chris Hemsworth","Anya Taylor-Joy","George Miller","148",168000000,117258993.7,285258993.7,67000000,106000000,173000000,22082143.61,"4139","13",90,83,-7,true,true,false,-112258993.7,-39.35,"Underperformer",3.03,61.27,"High","Fresh","0","0"
"261","Bad Boys: Ride or Die","2024-06-04","2024","6","2","Sony","Sony Pictures Entertainment","Action","R","Will Smith","Vanessa Hudgens","Adil El Arbi","115",100000000,74931354.42,174931354.42,182000000,224000000,406000000,45287398.13,"3312","16",66,97,31,true,true,false,231068645.58,132.09,"Blockbuster",4.02,55.17,"High","Mixed","0","0"
"249","Inside Out 2","2024-06-13","2024","6","2","Disney","The Walt Disney Company","Animation","PG","Lewis Black","Amy Poehler","Kelsey Mann","100",200000000,145319667.31,345319667.31,653000000,1046000000,1699000000,293613924.47,"4582","28",91,83,-8,true,true,false,1353680332.69,392.01,"Blockbuster",2.22,61.57,"Mega","Fresh","0","0"
"260","A Quiet Place: Day One","2024-06-23","2024","6","2","Paramount","Paramount Global","Horror","PG-13","Joseph Quinn","Lupita Nyong'o","Michael Sarnoski","99",67000000,49333814.98,116333814.98,139000000,123000000,262000000,44335224.23,"3440","13",85,60,-25,true,true,false,145666185.02,125.21,"Blockbuster",3.14,46.95,"Mid","Fresh","0","0"
"282","Longlegs","2024-07-07","2024","7","3","Neon",,"Horror","R","Nicolas Cage","Maika Monroe","Oz Perkins","101",10000000,5358092.07,15358092.07,74000000,35000000,109000000,19967632.85,"164","8",86,58,-28,false,false,true,93641907.93,609.72,"Blockbuster",3.71,32.11,"Low","Fresh","0","0"
"252","Despicable Me 4","2024-07-09","2024","7","3","Universal","NBCUniversal (Comcast)","Animation","PG","Steve Carell","Kristen Wiig","Chris Renaud","94",100000000,72505823.02,172505823.02,361000000,608000000,969000000,89998338.92,"3180","19",53,63,10,true,true,false,796494176.98,461.72,"Blockbuster",4.01,62.75,"High","Mixed","0","0"
"263","Twisters","2024-07-23","2024","7","3","Universal","NBCUniversal (Comcast)","Action","PG-13","Glen Powell","Daisy Edgar-Jones","Lee Isaac Chung","122",155000000,114752823.65,269752823.65,262000000,108000000,370000000,90253446.91,"4439","15",76,88,12,true,true,false,100247176.35,37.16,"Profitable",2.9,29.19,"High","Fresh","0","0"
"283","Fly Me to the Moon","2024-07-25","2024","7","3","Sony","Sony Pictures Entertainment","Comedy","PG-13","Channing Tatum","Scarlett Johansson","Greg Berlanti","132",100000000,67545153.1,167545153.1,42000000,25000000,67000000,10342567.33,"3030","10",65,83,18,false,false,true,-100545153.1,-60.01,"Flop",4.06,37.31,"High","Mixed","0","0"
"250","Deadpool & Wolverine","2024-07-26","2024","7","3","Disney","The Walt Disney Company","Action","R","Ryan Reynolds","Emma Corrin","Shawn Levy","128",200000000,129424097.65,329424097.65,637000000,701000000,1338000000,241837838.89,"4038","20",79,95,16,true,true,false,1008575902.35,306.16,"Blockbuster",2.63,52.39,"Mega","Fresh","0","0"
"259","Alien: Romulus","2024-08-15","2024","8","3","20th Century Studios","The Walt Disney Company","Horror","R","David Jonsson","Cailee Spaeny","Fede Alvarez","119",80000000,49613381.87,129613381.87,105000000,246000000,351000000,41696866.32,"3444","12",80,85,5,true,true,false,221386618.13,170.81,"Blockbuster",2.52,70.09,"Mid","Fresh","0","0"
"262","It Ends with Us","2024-08-17","2024","8","3","Sony","Sony Pictures Entertainment","Drama","PG-13","Justin Baldoni","Blake Lively","Justin Baldoni","131",25000000,17612250.81,42612250.81,151000000,200000000,351000000,35258486.33,"2225","11",57,87,30,false,false,true,308387749.19,723.71,"Blockbuster",4.28,56.98,"Low","Mixed","0","0"
"278","The Substance","2024-09-05","2024","9","3","Mubi",,"Horror","R","Dennis Quaid","Demi Moore","Coralie Fargeat","140",17000000,10908935.9,27908935.9,22000000,57000000,79000000,2680410.14,"1252","7",90,70,-20,false,false,true,51091064.1,183.06,"Blockbuster",8.21,72.15,"Low","Fresh","0","0"
"264","The Wild Robot","2024-09-05","2024","9","3","Universal","NBCUniversal (Comcast)","Animation","PG","Pedro Pascal","Lupita Nyong'o","Chris Sanders","102",78000000,45458507.48,123458507.48,144000000,181000000,325000000,43448262.77,"3228","12",98,95,-3,false,false,true,201541492.52,163.25,"Blockbuster",3.31,55.69,"Mid","Fresh","0","0"
"257","Beetlejuice Beetlejuice","2024-09-08","2024","9","3","Warner Bros.","Warner Bros. Discovery","Comedy","PG-13","Michael Keaton","Jenna Ortega","Tim Burton","104",100000000,51956228.07,151956228.07,294000000,157000000,451000000,62280762.42,"3491","11",77,64,-13,true,true,false,299043771.93,196.8,"Blockbuster",4.72,34.81,"High","Fresh","0","0"
"271","Joker: Folie à Deux","2024-10-05","2024","10","4","Warner Bros.","Warner Bros. Discovery","Crime","R","Joaquin Phoenix","Lady Gaga","Todd Phillips","138",190000000,158549866.16,348549866.16,59000000,148000000,207000000,18624853.4,"3964","15",33,31,-2,true,true,false,-141549866.16,-40.61,"Underperformer",3.17,71.5,"High","Rotten","0","0"
"270","Venom: The Last Dance","2024-10-12","2024","10","4","Sony","Sony Pictures Entertainment","Action","PG-13","Tom Hardy","Juno Temple","Kelly Marcel","109",120000000,64907480.36,184907480.36,140000000,336000000,476000000,41755610.97,"4088","15",39,78,39,true,true,false,291092519.64,157.43,"Blockbuster",3.35,70.59,"High","Rotten","0","0"
"277","Conclave","2024-10-20","2024","10","4","Focus Features","NBCUniversal (Comcast)","Drama","PG","Ralph Fiennes","Isabella Rossellini","Edward Berger","120",20000000,14558704.84,34558704.84,77000000,76000000,153000000,11626569.66,"1576","10",92,82,-10,false,false,true,118441295.16,342.72,"Blockbuster",6.62,49.67,"Low","Fresh","0","0"
"279","Anora","2024-10-21","2024","10","4","Neon",,"Comedy","R","Mark Eydelshteyn","Mikey Madison","Sean Baker","139",6000000,3472337.75,9472337.75,36000000,12000000,48000000,10249734.27,"1181","10",95,82,-13,false,false,true,38527662.25,406.74,"Blockbuster",3.51,25,"Micro","Fresh","0","0"
"251","Moana 2","2024-11-06","2024","11","4","Disney","The Walt Disney Company","Animation","PG","Dwayne Johnson","Auli'i Cravalho","David Derrick Jr.","100",150000000,88164269.67,238164269.67,460000000,600000000,1060000000,169688533.35,"3933","21",63,74,11,true,true,false,821835730.33,345.07,"Blockbuster",2.71,56.6,"High","Mixed","0","0"
"258","Gladiator II","2024-11-13","2024","11","4","Paramount","Paramount Global","Action","R","Paul Mescal","Connie Nielsen","Ridley Scott","148",250000000,206061134.68,456061134.68,168000000,274000000,442000000,50088485.31,"4119","20",71,71,0,true,true,false,-14061134.68,-3.08,"Underperformer",3.35,61.99,"Mega","Mixed","0","0"
"253","Wicked","2024-11-27","2024","11","4","Universal","NBCUniversal (Comcast)","Fantasy","PG","Jonathan Bailey","Cynthia Erivo","Jon M. Chu","160",150000000,111766211.56,261766211.56,473000000,276000000,749000000,107661494,"3596","24",88,88,0,false,false,true,487233788.44,186.13,"Blockbuster",4.39,36.85,"High","Fresh","0","0"
"269","Mufasa: The Lion King","2024-12-01","2024","12","4","Disney","The Walt Disney Company","Animation","PG","Aaron Pierre","Tiffany Boone","Barry Jenkins","118",200000000,166914050.17,366914050.17,255000000,466000000,721000000,108213453.38,"4514","23",56,75,19,true,true,false,354085949.83,96.5,"Profitable",2.36,64.63,"Mega","Mixed","0","0"
"265","Sonic the Hedgehog 3","2024-12-17","2024","12","4","Paramount","Paramount Global","Action","PG","Ben Schwartz","Tika Sumpter","Jeff Fowler","110",122000000,63166829.47,185166829.47,232000000,255000000,487000000,88736704.35,"3683","16",86,96,10,true,true,false,301833170.53,163.01,"Blockbuster",2.61,52.36,"High","Fresh","0","0"
"275","A Complete Unknown","2024-12-18","2024","12","4","Searchlight","The Walt Disney Company","Drama","R","Timothée Chalamet","Elle Fanning","James Mangold","141",55000000,37276184.79,92276184.79,90000000,35000000,125000000,20196822.34,"2794","6",92,89,-3,false,false,true,32723815.21,35.46,"Profitable",4.46,28,"Mid","Fresh","0","0"
"274","Nosferatu","2024-12-27","2024","12","4","Focus Features","NBCUniversal (Comcast)","Horror","R","Bill Skarsgård","Lily-Rose Depp","Robert Eggers","132",50000000,28130507.8,78130507.8,117000000,97000000,214000000,34323642.69,"2911","13",86,78,-8,false,false,true,135869492.2,173.9,"Blockbuster",3.41,45.33,"Mid","Fresh","0","0"